[{
    "text": "CustomEvent",
    "url": "https://developer.servicenow.com/dev.do#!/reference/api/paris/client/customEventClientAPI",
    "parent": true
}, {
    "text": "fireAll(String event, String qualifier)",
    "url": "https://developer.servicenow.com/dev.do#!/reference/api/paris/client/customEventClientAPI#CSTE-fireAll_S_S",
    "parent": false
}, {
    "text": "DynamicTranslation",
    "url": "https://developer.servicenow.com/dev.do#!/reference/api/paris/client/DynamicTranslationClientAPI",
    "parent": true
}, {
    "text": "getDetectedLanguage(String text, Object parms)",
    "url": "https://developer.servicenow.com/dev.do#!/reference/api/paris/client/DynamicTranslationClientAPI#DynTranCL-getDetectedLanguage_S_O",
    "parent": false
}, {
    "text": "getTranslation(String textToTranslate, Object parms)",
    "url": "https://developer.servicenow.com/dev.do#!/reference/api/paris/client/DynamicTranslationClientAPI#DynTranCL-getTranslation_S_O",
    "parent": false
}, {
    "text": "isEnabled(String translator)",
    "url": "https://developer.servicenow.com/dev.do#!/reference/api/paris/client/DynamicTranslationClientAPI#DynTranCL-isEnabled_S",
    "parent": false
}, {
    "text": "GlideAgentWorkspace (g_aw)",
    "url": "https://developer.servicenow.com/dev.do#!/reference/api/paris/client/GlideAgentWorkspaceAPI",
    "parent": true
}, {
    "text": "closeRecord()",
    "url": "https://developer.servicenow.com/dev.do#!/reference/api/paris/client/GlideAgentWorkspaceAPI#gaw-closeRecord",
    "parent": false
}, {
    "text": "openRecord(String table, String sysId, Object params)",
    "url": "https://developer.servicenow.com/dev.do#!/reference/api/paris/client/GlideAgentWorkspaceAPI#gaw-openRecord_S_S_O",
    "parent": false
}, {
    "text": "GlideAjax",
    "url": "https://developer.servicenow.com/dev.do#!/reference/api/paris/client/c_GlideAjaxAPI",
    "parent": true
}, {
    "text": "GlideAjax(String class_name)",
    "url": "https://developer.servicenow.com/dev.do#!/reference/api/paris/client/c_GlideAjaxAPI#r_GLAX-GlideAjax_S",
    "parent": false
}, {
    "text": "addParam(String parm_name, String parm_value)",
    "url": "https://developer.servicenow.com/dev.do#!/reference/api/paris/client/c_GlideAjaxAPI#r_GLAX-addParam_S_S",
    "parent": false
}, {
    "text": "getAnswer()",
    "url": "https://developer.servicenow.com/dev.do#!/reference/api/paris/client/c_GlideAjaxAPI#r_GLAX-getAnswer",
    "parent": false
}, {
    "text": "getXML(Function callback)",
    "url": "https://developer.servicenow.com/dev.do#!/reference/api/paris/client/c_GlideAjaxAPI#r_GLAX-getXML_S",
    "parent": false
}, {
    "text": "getXMLAnswer(Function callback)",
    "url": "https://developer.servicenow.com/dev.do#!/reference/api/paris/client/c_GlideAjaxAPI#r_GLAX-getXMLAnswer_F",
    "parent": false
}, {
    "text": "getXMLWait()",
    "url": "https://developer.servicenow.com/dev.do#!/reference/api/paris/client/c_GlideAjaxAPI#r_GLAX-getXMLWait",
    "parent": false
}, {
    "text": "GlideAjaxV3",
    "url": "https://developer.servicenow.com/dev.do#!/reference/api/paris/client/c_GlideAjaxV3API",
    "parent": true
}, {
    "text": "GlideAjax(String processor)",
    "url": "https://developer.servicenow.com/dev.do#!/reference/api/paris/client/c_GlideAjaxV3API#r_GLAXV3-GlideAjax_S",
    "parent": false
}, {
    "text": "GlideAjax(String processor, String targetURL)",
    "url": "https://developer.servicenow.com/dev.do#!/reference/api/paris/client/c_GlideAjaxV3API#r_GLAXV3-GlideAjax_S_S",
    "parent": false
}, {
    "text": "addParam(String name, String value)",
    "url": "https://developer.servicenow.com/dev.do#!/reference/api/paris/client/c_GlideAjaxV3API#r_GLAXV3-addParam_S_S",
    "parent": false
}, {
    "text": "getJSON(Function callback)",
    "url": "https://developer.servicenow.com/dev.do#!/reference/api/paris/client/c_GlideAjaxV3API#r_GLAXV3-getJSON_F",
    "parent": false
}, {
    "text": "getParam(String name)",
    "url": "https://developer.servicenow.com/dev.do#!/reference/api/paris/client/c_GlideAjaxV3API#r_GLAXV3-getParam_S",
    "parent": false
}, {
    "text": "getParams()",
    "url": "https://developer.servicenow.com/dev.do#!/reference/api/paris/client/c_GlideAjaxV3API#r_GLAXV3-getParams",
    "parent": false
}, {
    "text": "getProcessor()",
    "url": "https://developer.servicenow.com/dev.do#!/reference/api/paris/client/c_GlideAjaxV3API#r_GLAXV3-getProcessor",
    "parent": false
}, {
    "text": "getURL()",
    "url": "https://developer.servicenow.com/dev.do#!/reference/api/paris/client/c_GlideAjaxV3API#r_GLAXV3-getURL",
    "parent": false
}, {
    "text": "getXML(Function callback)",
    "url": "https://developer.servicenow.com/dev.do#!/reference/api/paris/client/c_GlideAjaxV3API#r_GLAXV3-getXML_F",
    "parent": false
}, {
    "text": "getXMLAnswer(Function callback)",
    "url": "https://developer.servicenow.com/dev.do#!/reference/api/paris/client/c_GlideAjaxV3API#r_GLAXV3-getXMLAnswer_F",
    "parent": false
}, {
    "text": "setErrorCallback(Function callback)",
    "url": "https://developer.servicenow.com/dev.do#!/reference/api/paris/client/c_GlideAjaxV3API#r_GLAXV3-setErrorCallback_F",
    "parent": false
}, {
    "text": "setProcessor(String serverScript)",
    "url": "https://developer.servicenow.com/dev.do#!/reference/api/paris/client/c_GlideAjaxV3API#r_GLAXV3-setProcessor_S",
    "parent": false
}, {
    "text": "GlideDialogWindow",
    "url": "https://developer.servicenow.com/dev.do#!/reference/api/paris/client/c_GlideDialogWindowAPI",
    "parent": true
}, {
    "text": "GlideDialogWindow(String id, Boolean readOnly, Number width, Number height)",
    "url": "https://developer.servicenow.com/dev.do#!/reference/api/paris/client/c_GlideDialogWindowAPI#r_GDW-GlideDialogWindow_S",
    "parent": false
}, {
    "text": "adjustBodySize()",
    "url": "https://developer.servicenow.com/dev.do#!/reference/api/paris/client/c_GlideDialogWindowAPI#GDW-adjustBodySize",
    "parent": false
}, {
    "text": "destroy()",
    "url": "https://developer.servicenow.com/dev.do#!/reference/api/paris/client/c_GlideDialogWindowAPI#r_GDW-destroy_",
    "parent": false
}, {
    "text": "render()",
    "url": "https://developer.servicenow.com/dev.do#!/reference/api/paris/client/c_GlideDialogWindowAPI#r_GDW-render",
    "parent": false
}, {
    "text": "setPreference(String name, String value)",
    "url": "https://developer.servicenow.com/dev.do#!/reference/api/paris/client/c_GlideDialogWindowAPI#r_GDW-setPreference_S_S",
    "parent": false
}, {
    "text": "setSize(Number width, Number height)",
    "url": "https://developer.servicenow.com/dev.do#!/reference/api/paris/client/c_GlideDialogWindowAPI#r_GDW-setSize_N_N",
    "parent": false
}, {
    "text": "setTitle(String title)",
    "url": "https://developer.servicenow.com/dev.do#!/reference/api/paris/client/c_GlideDialogWindowAPI#r_GDW-setTitle_S",
    "parent": false
}, {
    "text": "GlideDocumentV3",
    "url": "https://developer.servicenow.com/dev.do#!/reference/api/paris/client/c_GlideDocumentV3API",
    "parent": true
}, {
    "text": "getElement(String selector, Element context)",
    "url": "https://developer.servicenow.com/dev.do#!/reference/api/paris/client/c_GlideDocumentV3API#r_GDOC-getElement_S_E",
    "parent": false
}, {
    "text": "getElements(String selector, Element context)",
    "url": "https://developer.servicenow.com/dev.do#!/reference/api/paris/client/c_GlideDocumentV3API#r_GDOC-getElements_S_O",
    "parent": false
}, {
    "text": "GlideFlow",
    "url": "https://developer.servicenow.com/dev.do#!/reference/api/paris/client/GlideFlowAPI",
    "parent": true
}, {
    "text": "execution.awaitCompletion()",
    "url": "https://developer.servicenow.com/dev.do#!/reference/api/paris/client/GlideFlowAPI#execution-awaitCompletion",
    "parent": false
}, {
    "text": "execution.getExecutionStatus()",
    "url": "https://developer.servicenow.com/dev.do#!/reference/api/paris/client/GlideFlowAPI#execution-getExecutionStatus",
    "parent": false
}, {
    "text": "execution.getOutputs()",
    "url": "https://developer.servicenow.com/dev.do#!/reference/api/paris/client/GlideFlowAPI#execution-getOutputs",
    "parent": false
}, {
    "text": "getExecution(String executionId)",
    "url": "https://developer.servicenow.com/dev.do#!/reference/api/paris/client/GlideFlowAPI#GlideFlow-getExecution",
    "parent": false
}, {
    "text": "startAction(String scopedName.actionName, Map inputs)",
    "url": "https://developer.servicenow.com/dev.do#!/reference/api/paris/client/GlideFlowAPI#GlideFlow-startAction",
    "parent": false
}, {
    "text": "startFlow(String scopedName.flowName, Map inputs)",
    "url": "https://developer.servicenow.com/dev.do#!/reference/api/paris/client/GlideFlowAPI#GlideFlow-startFlow",
    "parent": false
}, {
    "text": "startSubflow(String scopedName.subflowName, Map inputs)",
    "url": "https://developer.servicenow.com/dev.do#!/reference/api/paris/client/GlideFlowAPI#GlideFlow-startSubflow",
    "parent": false
}, {
    "text": "GlideForm",
    "url": "https://developer.servicenow.com/dev.do#!/reference/api/paris/client/c_GlideFormAPI",
    "parent": true
}, {
    "text": "addDecoration(String fieldName, String icon, String title)",
    "url": "https://developer.servicenow.com/dev.do#!/reference/api/paris/client/c_GlideFormAPI#r_GlideFormAddDecoration_String_String_String",
    "parent": false
}, {
    "text": "addDecoration(String fieldName, String icon, String title, String color)",
    "url": "https://developer.servicenow.com/dev.do#!/reference/api/paris/client/c_GlideFormAPI#r_GlideFormAddDecoration_String_String_String_String",
    "parent": false
}, {
    "text": "addErrorMessage(String message)",
    "url": "https://developer.servicenow.com/dev.do#!/reference/api/paris/client/c_GlideFormAPI#r_GlideFormAddErrorMessage_String",
    "parent": false
}, {
    "text": "addInfoMessage(String message)",
    "url": "https://developer.servicenow.com/dev.do#!/reference/api/paris/client/c_GlideFormAPI#r_GlideFormAddInfoMessage_String",
    "parent": false
}, {
    "text": "addOption(String fieldName, String choiceValue, String choiceLabel)",
    "url": "https://developer.servicenow.com/dev.do#!/reference/api/paris/client/c_GlideFormAPI#r_GlideformAddOption_String_String_String",
    "parent": false
}, {
    "text": "addOption(String fieldName, String choiceValue, String choiceLabel, Number choiceIndex)",
    "url": "https://developer.servicenow.com/dev.do#!/reference/api/paris/client/c_GlideFormAPI#r_GlideFormAddOption_String_String_String_Number",
    "parent": false
}, {
    "text": "clearMessages()",
    "url": "https://developer.servicenow.com/dev.do#!/reference/api/paris/client/c_GlideFormAPI#r_GlideFormClearMessages",
    "parent": false
}, {
    "text": "clearOptions(String fieldName)",
    "url": "https://developer.servicenow.com/dev.do#!/reference/api/paris/client/c_GlideFormAPI#r_GlideFormClearOptions_String",
    "parent": false
}, {
    "text": "clearValue(String fieldName)",
    "url": "https://developer.servicenow.com/dev.do#!/reference/api/paris/client/c_GlideFormAPI#r_GlideFormClearValue_String",
    "parent": false
}, {
    "text": "disableAttachments()",
    "url": "https://developer.servicenow.com/dev.do#!/reference/api/paris/client/c_GlideFormAPI#r_GlideFormDisableAttachments",
    "parent": false
}, {
    "text": "enableAttachments()",
    "url": "https://developer.servicenow.com/dev.do#!/reference/api/paris/client/c_GlideFormAPI#r_GlideFormEnableAttachments",
    "parent": false
}, {
    "text": "flash(String fieldName, String color, Number count)",
    "url": "https://developer.servicenow.com/dev.do#!/reference/api/paris/client/c_GlideFormAPI#r_GlideFormFlash_String_String_Number",
    "parent": false
}, {
    "text": "getActionName()",
    "url": "https://developer.servicenow.com/dev.do#!/reference/api/paris/client/c_GlideFormAPI#r_GlideFormGetActionName",
    "parent": false
}, {
    "text": "getBooleanValue(String fieldName)",
    "url": "https://developer.servicenow.com/dev.do#!/reference/api/paris/client/c_GlideFormAPI#r_GlideFormGetBooleanValue_String",
    "parent": false
}, {
    "text": "getControl(String fieldName)",
    "url": "https://developer.servicenow.com/dev.do#!/reference/api/paris/client/c_GlideFormAPI#r_GlideFormGetControl_String",
    "parent": false
}, {
    "text": "getDecimalValue(String fieldName)",
    "url": "https://developer.servicenow.com/dev.do#!/reference/api/paris/client/c_GlideFormAPI#r_GlideFormGetDecimalValue_String",
    "parent": false
}, {
    "text": "getElement(String id)",
    "url": "https://developer.servicenow.com/dev.do#!/reference/api/paris/client/c_GlideFormAPI#r_GlideFormGetElement_String",
    "parent": false
}, {
    "text": "getFormElement()",
    "url": "https://developer.servicenow.com/dev.do#!/reference/api/paris/client/c_GlideFormAPI#r_GlideFormGetFormElement",
    "parent": false
}, {
    "text": "getHelpTextControl(String fieldName)",
    "url": "https://developer.servicenow.com/dev.do#!/reference/api/paris/client/c_GlideFormAPI#r_GF-getHelpTextControl_S",
    "parent": false
}, {
    "text": "getIntValue(String fieldName)",
    "url": "https://developer.servicenow.com/dev.do#!/reference/api/paris/client/c_GlideFormAPI#r_GlideFormGetIntValue_String",
    "parent": false
}, {
    "text": "getLabelOf(String fieldName)",
    "url": "https://developer.servicenow.com/dev.do#!/reference/api/paris/client/c_GlideFormAPI#r_GlideFormGetLabelOf_String",
    "parent": false
}, {
    "text": "getOption(String fieldName, String choiceValue)",
    "url": "https://developer.servicenow.com/dev.do#!/reference/api/paris/client/c_GlideFormAPI#r_GlideFormGetOption_String_String",
    "parent": false
}, {
    "text": "getReference(String fieldName, Function callBack)",
    "url": "https://developer.servicenow.com/dev.do#!/reference/api/paris/client/c_GlideFormAPI#r_GlideForm-GetReference_S_F",
    "parent": false
}, {
    "text": "getRelatedListNames()",
    "url": "https://developer.servicenow.com/dev.do#!/reference/api/paris/client/c_GlideFormAPI#GF-getRelatedListNames",
    "parent": false
}, {
    "text": "getSectionNames()",
    "url": "https://developer.servicenow.com/dev.do#!/reference/api/paris/client/c_GlideFormAPI#r_GlideFormGetSectionNames",
    "parent": false
}, {
    "text": "getSections()",
    "url": "https://developer.servicenow.com/dev.do#!/reference/api/paris/client/c_GlideFormAPI#r_GlideFormGetSections",
    "parent": false
}, {
    "text": "getTableName()",
    "url": "https://developer.servicenow.com/dev.do#!/reference/api/paris/client/c_GlideFormAPI#r_GlideFormGetTableName",
    "parent": false
}, {
    "text": "getUniqueValue()",
    "url": "https://developer.servicenow.com/dev.do#!/reference/api/paris/client/c_GlideFormAPI#r_GlideFormGetUniqueValue",
    "parent": false
}, {
    "text": "getValue(String fieldName)",
    "url": "https://developer.servicenow.com/dev.do#!/reference/api/paris/client/c_GlideFormAPI#r_GlideFormGetValue_String",
    "parent": false
}, {
    "text": "hideAllFieldMsgs()",
    "url": "https://developer.servicenow.com/dev.do#!/reference/api/paris/client/c_GlideFormAPI#r_GlideFormHideAllFieldMsgs",
    "parent": false
}, {
    "text": "hideAllFieldMsgs(String type)",
    "url": "https://developer.servicenow.com/dev.do#!/reference/api/paris/client/c_GlideFormAPI#r_GlideFormHideAllFieldMsgs_String",
    "parent": false
}, {
    "text": "hideErrorBox(String fieldName)",
    "url": "https://developer.servicenow.com/dev.do#!/reference/api/paris/client/c_GlideFormAPI#r_GlideFormHideErrorBox_String",
    "parent": false
}, {
    "text": "hideFieldMsg(String fieldName)",
    "url": "https://developer.servicenow.com/dev.do#!/reference/api/paris/client/c_GlideFormAPI#r_GlideFormHideFieldMsg_String",
    "parent": false
}, {
    "text": "hideFieldMsg(String fieldName, Boolean clearAll)",
    "url": "https://developer.servicenow.com/dev.do#!/reference/api/paris/client/c_GlideFormAPI#r_GlideFormHideFieldMsg_String_Boolean",
    "parent": false
}, {
    "text": "hideRelatedList(String listTableName)",
    "url": "https://developer.servicenow.com/dev.do#!/reference/api/paris/client/c_GlideFormAPI#r_GlideFormHideRelatedList_String",
    "parent": false
}, {
    "text": "hideRelatedLists()",
    "url": "https://developer.servicenow.com/dev.do#!/reference/api/paris/client/c_GlideFormAPI#r_GlideFormHideRelatedLists",
    "parent": false
}, {
    "text": "isLiveUpdating()",
    "url": "https://developer.servicenow.com/dev.do#!/reference/api/paris/client/c_GlideFormAPI#r_GF-isLiveUpdating",
    "parent": false
}, {
    "text": "isMandatory(String fieldName)",
    "url": "https://developer.servicenow.com/dev.do#!/reference/api/paris/client/c_GlideFormAPI#r_GlideFormIsMandatory_String",
    "parent": false
}, {
    "text": "isNewRecord()",
    "url": "https://developer.servicenow.com/dev.do#!/reference/api/paris/client/c_GlideFormAPI#r_GlideFormIsNewRecord",
    "parent": false
}, {
    "text": "isSectionVisible(String sectionName)",
    "url": "https://developer.servicenow.com/dev.do#!/reference/api/paris/client/c_GlideFormAPI#r_GlideFormIsSectionVisible_String",
    "parent": false
}, {
    "text": "onUserChangeValue(Function fn)",
    "url": "https://developer.servicenow.com/dev.do#!/reference/api/paris/client/c_GlideFormAPI#GF-onUserChangeValue_F",
    "parent": false
}, {
    "text": "refreshSlushbucket(String fieldName)",
    "url": "https://developer.servicenow.com/dev.do#!/reference/api/paris/client/c_GlideFormAPI#r_GF-refreshSlushbucket_S",
    "parent": false
}, {
    "text": "removeDecoration(String fieldname, String icon, String title)",
    "url": "https://developer.servicenow.com/dev.do#!/reference/api/paris/client/c_GlideFormAPI#r_GlideFormRemoveDecoration_String_String_String",
    "parent": false
}, {
    "text": "removeDecoration(String fieldname, String icon, String title, String color)",
    "url": "https://developer.servicenow.com/dev.do#!/reference/api/paris/client/c_GlideFormAPI#r_GlideFormRemoveDecoration_String_String_String_String",
    "parent": false
}, {
    "text": "removeOption(String fieldName, String choiceValue)",
    "url": "https://developer.servicenow.com/dev.do#!/reference/api/paris/client/c_GlideFormAPI#r_GlideFormRemoveOption_String_String",
    "parent": false
}, {
    "text": "save()",
    "url": "https://developer.servicenow.com/dev.do#!/reference/api/paris/client/c_GlideFormAPI#r_GlideFormSave",
    "parent": false
}, {
    "text": "setDisabled(String fieldName, Boolean disable)",
    "url": "https://developer.servicenow.com/dev.do#!/reference/api/paris/client/c_GlideFormAPI#r_GlideFormSetDisabled_String_Boolean",
    "parent": false
}, {
    "text": "setDisplay(String fieldName, Boolean display)",
    "url": "https://developer.servicenow.com/dev.do#!/reference/api/paris/client/c_GlideFormAPI#r_GlideFormSetDisplay_String_Boolean",
    "parent": false
}, {
    "text": "setLabelOf(String fieldName, String label)",
    "url": "https://developer.servicenow.com/dev.do#!/reference/api/paris/client/c_GlideFormAPI#r_GlideFormSetLabelOf_String_String",
    "parent": false
}, {
    "text": "setMandatory(String fieldName, Boolean mandatory)",
    "url": "https://developer.servicenow.com/dev.do#!/reference/api/paris/client/c_GlideFormAPI#r_GlideFormSetMandatory_String_Boolean",
    "parent": false
}, {
    "text": "setReadOnly(String fieldName, Boolean readOnly)",
    "url": "https://developer.servicenow.com/dev.do#!/reference/api/paris/client/c_GlideFormAPI#r_GlideFormSetReadOnly_String_Boolean",
    "parent": false
}, {
    "text": "setSectionDisplay(String sectionName, Boolean display)",
    "url": "https://developer.servicenow.com/dev.do#!/reference/api/paris/client/c_GlideFormAPI#r_GlideFormSetSectionDisplay_String_Boolean",
    "parent": false
}, {
    "text": "setValue(String fieldName, String value)",
    "url": "https://developer.servicenow.com/dev.do#!/reference/api/paris/client/c_GlideFormAPI#r_GlideFormSetValue_String_String",
    "parent": false
}, {
    "text": "setValue(String fieldName, String value, String displayValue)",
    "url": "https://developer.servicenow.com/dev.do#!/reference/api/paris/client/c_GlideFormAPI#r_GlideFormSetValue_String_String_String",
    "parent": false
}, {
    "text": "setVisible(String fieldName, Boolean display)",
    "url": "https://developer.servicenow.com/dev.do#!/reference/api/paris/client/c_GlideFormAPI#r_GlideFormSetVisible_String_Boolean",
    "parent": false
}, {
    "text": "showErrorBox(String name, String message)",
    "url": "https://developer.servicenow.com/dev.do#!/reference/api/paris/client/c_GlideFormAPI#r_GlideFormShowErrorBox_String_String",
    "parent": false
}, {
    "text": "showErrorBox(String name, String message, Boolean scrollForm)",
    "url": "https://developer.servicenow.com/dev.do#!/reference/api/paris/client/c_GlideFormAPI#r_GlideFormShowErrorBox_String_String_Boolean",
    "parent": false
}, {
    "text": "showFieldMsg(String field, String message, String type)",
    "url": "https://developer.servicenow.com/dev.do#!/reference/api/paris/client/c_GlideFormAPI#r_GlideFormShowFieldMsg_String_String_String",
    "parent": false
}, {
    "text": "showFieldMsg(String field, String message, String type, Boolean scrollForm)",
    "url": "https://developer.servicenow.com/dev.do#!/reference/api/paris/client/c_GlideFormAPI#r_GlideFormShowFieldMsg_String_String_String_Boolean",
    "parent": false
}, {
    "text": "showRelatedList(String listTableName)",
    "url": "https://developer.servicenow.com/dev.do#!/reference/api/paris/client/c_GlideFormAPI#r_GlideFormShowRelatedList_String",
    "parent": false
}, {
    "text": "showRelatedLists()",
    "url": "https://developer.servicenow.com/dev.do#!/reference/api/paris/client/c_GlideFormAPI#r_GlideFormShowRelatedLists",
    "parent": false
}, {
    "text": "submit()",
    "url": "https://developer.servicenow.com/dev.do#!/reference/api/paris/client/c_GlideFormAPI#r_GlideFormSubmit",
    "parent": false
}, {
    "text": "submit(String verb)",
    "url": "https://developer.servicenow.com/dev.do#!/reference/api/paris/client/c_GlideFormAPI#GF-submit_S",
    "parent": false
}, {
    "text": "GlideGuidV3",
    "url": "https://developer.servicenow.com/dev.do#!/reference/api/paris/client/c_GlideGuidV3API",
    "parent": true
}, {
    "text": "generate(Number stringLength)",
    "url": "https://developer.servicenow.com/dev.do#!/reference/api/paris/client/c_GlideGuidV3API#r_GGV3-generate_N",
    "parent": false
}, {
    "text": "GlideList2 (g_list)",
    "url": "https://developer.servicenow.com/dev.do#!/reference/api/paris/client/c_GlideList2API",
    "parent": true
}, {
    "text": "addFilter(String filter)",
    "url": "https://developer.servicenow.com/dev.do#!/reference/api/paris/client/c_GlideList2API#r_GL2-addFilter_S",
    "parent": false
}, {
    "text": "get(Object DOMelement)",
    "url": "https://developer.servicenow.com/dev.do#!/reference/api/paris/client/c_GlideList2API#r_GL2-get_O",
    "parent": false
}, {
    "text": "get(String ListID)",
    "url": "https://developer.servicenow.com/dev.do#!/reference/api/paris/client/c_GlideList2API#r_GL2-get_S",
    "parent": false
}, {
    "text": "getChecked()",
    "url": "https://developer.servicenow.com/dev.do#!/reference/api/paris/client/c_GlideList2API#r_GL2-getChecked",
    "parent": false
}, {
    "text": "getFixedQuery()",
    "url": "https://developer.servicenow.com/dev.do#!/reference/api/paris/client/c_GlideList2API#r_GL2-getFixedQuery",
    "parent": false
}, {
    "text": "getGroupBy()",
    "url": "https://developer.servicenow.com/dev.do#!/reference/api/paris/client/c_GlideList2API#r_GL2-getGroupBy",
    "parent": false
}, {
    "text": "getListName()",
    "url": "https://developer.servicenow.com/dev.do#!/reference/api/paris/client/c_GlideList2API#r_GL2-getListName",
    "parent": false
}, {
    "text": "getOrderBy()",
    "url": "https://developer.servicenow.com/dev.do#!/reference/api/paris/client/c_GlideList2API#r_GL2-getOrderBy",
    "parent": false
}, {
    "text": "getParentTable()",
    "url": "https://developer.servicenow.com/dev.do#!/reference/api/paris/client/c_GlideList2API#r_GL2-getParentTable",
    "parent": false
}, {
    "text": "getQuery(Boolean orderBy, Boolean groupBy, Boolean fixed, Boolean all)",
    "url": "https://developer.servicenow.com/dev.do#!/reference/api/paris/client/c_GlideList2API#r_GL2-getQuery_B_B_B_B",
    "parent": false
}, {
    "text": "getRelated()",
    "url": "https://developer.servicenow.com/dev.do#!/reference/api/paris/client/c_GlideList2API#r_GL2-getRelated",
    "parent": false
}, {
    "text": "getTableName()",
    "url": "https://developer.servicenow.com/dev.do#!/reference/api/paris/client/c_GlideList2API#r_GL2-getTableName",
    "parent": false
}, {
    "text": "getTitle()",
    "url": "https://developer.servicenow.com/dev.do#!/reference/api/paris/client/c_GlideList2API#r_GL2-getTitle",
    "parent": false
}, {
    "text": "getView()",
    "url": "https://developer.servicenow.com/dev.do#!/reference/api/paris/client/c_GlideList2API#r_GL2-getView",
    "parent": false
}, {
    "text": "isUserList()",
    "url": "https://developer.servicenow.com/dev.do#!/reference/api/paris/client/c_GlideList2API#r_GL2-isUserList",
    "parent": false
}, {
    "text": "refresh(Number firstRow, String additionalParms)",
    "url": "https://developer.servicenow.com/dev.do#!/reference/api/paris/client/c_GlideList2API#r_GL2-refresh_N_S",
    "parent": false
}, {
    "text": "refreshWithOrderBy(Number firstRow, String description)",
    "url": "https://developer.servicenow.com/dev.do#!/reference/api/paris/client/c_GlideList2API#r_GL2-refreshWithOrderBy_N_S",
    "parent": false
}, {
    "text": "setFilter(String filter)",
    "url": "https://developer.servicenow.com/dev.do#!/reference/api/paris/client/c_GlideList2API#r_GL2-setFilter_S",
    "parent": false
}, {
    "text": "setFilterAndRefresh(String filter)",
    "url": "https://developer.servicenow.com/dev.do#!/reference/api/paris/client/c_GlideList2API#r_GL2-setFilterAndRefresh_S",
    "parent": false
}, {
    "text": "setFirstRow(Number rowNum)",
    "url": "https://developer.servicenow.com/dev.do#!/reference/api/paris/client/c_GlideList2API#r_GL2-setFirstRow_N",
    "parent": false
}, {
    "text": "setGroupBy(String groupBy)",
    "url": "https://developer.servicenow.com/dev.do#!/reference/api/paris/client/c_GlideList2API#r_GL2-setGroupBy_S",
    "parent": false
}, {
    "text": "setOrderBy(String orderBy)",
    "url": "https://developer.servicenow.com/dev.do#!/reference/api/paris/client/c_GlideList2API#r_GL2-setOrderBy_S",
    "parent": false
}, {
    "text": "setRowsPerPage(Number rows)",
    "url": "https://developer.servicenow.com/dev.do#!/reference/api/paris/client/c_GlideList2API#r_GL2-setRowsPerPage_N",
    "parent": false
}, {
    "text": "showHideGroups(Boolean showFlag)",
    "url": "https://developer.servicenow.com/dev.do#!/reference/api/paris/client/c_GlideList2API#r_GL2-showHideGroups_B",
    "parent": false
}, {
    "text": "showHideList(Boolean showFlag)",
    "url": "https://developer.servicenow.com/dev.do#!/reference/api/paris/client/c_GlideList2API#r_GL2-showHideList_B",
    "parent": false
}, {
    "text": "sort(String field)",
    "url": "https://developer.servicenow.com/dev.do#!/reference/api/paris/client/c_GlideList2API#r_GL2-sort_S",
    "parent": false
}, {
    "text": "sortDescending(String field, Number amount)",
    "url": "https://developer.servicenow.com/dev.do#!/reference/api/paris/client/c_GlideList2API#r_GL2-sortDescending_S_N",
    "parent": false
}, {
    "text": "toggleList()",
    "url": "https://developer.servicenow.com/dev.do#!/reference/api/paris/client/c_GlideList2API#r_GL2-toggleList",
    "parent": false
}, {
    "text": "toggleListNoPref()",
    "url": "https://developer.servicenow.com/dev.do#!/reference/api/paris/client/c_GlideList2API#r_GL2-toggleListNoPref",
    "parent": false
}, {
    "text": "GlideListV3 (g_list)",
    "url": "https://developer.servicenow.com/dev.do#!/reference/api/paris/client/c_GlideListV3API",
    "parent": true
}, {
    "text": "addFilter(String filter)",
    "url": "https://developer.servicenow.com/dev.do#!/reference/api/paris/client/c_GlideListV3API#r_GLV3-addFilter_S",
    "parent": false
}, {
    "text": "get(Object DomElement)",
    "url": "https://developer.servicenow.com/dev.do#!/reference/api/paris/client/c_GlideListV3API#r_GLV3-get_O",
    "parent": false
}, {
    "text": "get(String listId)",
    "url": "https://developer.servicenow.com/dev.do#!/reference/api/paris/client/c_GlideListV3API#r_GLV3-get_S",
    "parent": false
}, {
    "text": "getChecked()",
    "url": "https://developer.servicenow.com/dev.do#!/reference/api/paris/client/c_GlideListV3API#r_GLV3-getChecked",
    "parent": false
}, {
    "text": "getFixedQuery()",
    "url": "https://developer.servicenow.com/dev.do#!/reference/api/paris/client/c_GlideListV3API#r_GLV3-getFixedQuery",
    "parent": false
}, {
    "text": "getFormTarget()",
    "url": "https://developer.servicenow.com/dev.do#!/reference/api/paris/client/c_GlideListV3API#r_GLV3-getFormTarget",
    "parent": false
}, {
    "text": "getGroupBy()",
    "url": "https://developer.servicenow.com/dev.do#!/reference/api/paris/client/c_GlideListV3API#r_GLV3-getGroupBy",
    "parent": false
}, {
    "text": "getListName()",
    "url": "https://developer.servicenow.com/dev.do#!/reference/api/paris/client/c_GlideListV3API#r_GLV3-getListName",
    "parent": false
}, {
    "text": "getOrderBy()",
    "url": "https://developer.servicenow.com/dev.do#!/reference/api/paris/client/c_GlideListV3API#r_GLV3-getOrderBy",
    "parent": false
}, {
    "text": "getParentTable()",
    "url": "https://developer.servicenow.com/dev.do#!/reference/api/paris/client/c_GlideListV3API#r_GLV3-getParentTable",
    "parent": false
}, {
    "text": "getQuery(Object options)",
    "url": "https://developer.servicenow.com/dev.do#!/reference/api/paris/client/c_GlideListV3API#r_GLV3-getQuery_O",
    "parent": false
}, {
    "text": "getReferringUrl()",
    "url": "https://developer.servicenow.com/dev.do#!/reference/api/paris/client/c_GlideListV3API#r_GLV3-getReferringUrl",
    "parent": false
}, {
    "text": "getRelated()",
    "url": "https://developer.servicenow.com/dev.do#!/reference/api/paris/client/c_GlideListV3API#r_GLV3-getRelated",
    "parent": false
}, {
    "text": "getRelatedListType()",
    "url": "https://developer.servicenow.com/dev.do#!/reference/api/paris/client/c_GlideListV3API#r_GLV3-getRelatedListType",
    "parent": false
}, {
    "text": "getRelationshipId()",
    "url": "https://developer.servicenow.com/dev.do#!/reference/api/paris/client/c_GlideListV3API#r_GLV3-getRelationshipId",
    "parent": false
}, {
    "text": "getRowCount()",
    "url": "https://developer.servicenow.com/dev.do#!/reference/api/paris/client/c_GlideListV3API#r_GLV3-getRowCount",
    "parent": false
}, {
    "text": "getRowsPerPage()",
    "url": "https://developer.servicenow.com/dev.do#!/reference/api/paris/client/c_GlideListV3API#r_GLV3-getRowsPerPage",
    "parent": false
}, {
    "text": "getTableName()",
    "url": "https://developer.servicenow.com/dev.do#!/reference/api/paris/client/c_GlideListV3API#r_GLV3-getTableName",
    "parent": false
}, {
    "text": "getTitle()",
    "url": "https://developer.servicenow.com/dev.do#!/reference/api/paris/client/c_GlideListV3API#r_GLV3-getTitle",
    "parent": false
}, {
    "text": "getView()",
    "url": "https://developer.servicenow.com/dev.do#!/reference/api/paris/client/c_GlideListV3API#r_GLV3-getView",
    "parent": false
}, {
    "text": "isUserList()",
    "url": "https://developer.servicenow.com/dev.do#!/reference/api/paris/client/c_GlideListV3API#r_GLV3-isUserList",
    "parent": false
}, {
    "text": "refresh(Number firstRow, Object additionalParams)",
    "url": "https://developer.servicenow.com/dev.do#!/reference/api/paris/client/c_GlideListV3API#r_GLV3-refresh_N_O",
    "parent": false
}, {
    "text": "refreshWithOrderBy(Number firstRow, Object additionalParams)",
    "url": "https://developer.servicenow.com/dev.do#!/reference/api/paris/client/c_GlideListV3API#r_GLV3-refreshWithOrderBy_N_O",
    "parent": false
}, {
    "text": "setFilter(String filter, Boolean saveOrderBy, Boolean saveGroupBy)",
    "url": "https://developer.servicenow.com/dev.do#!/reference/api/paris/client/c_GlideListV3API#r_GLV3-setFilter_S_B_B",
    "parent": false
}, {
    "text": "setFilterAndRefresh( String filter)",
    "url": "https://developer.servicenow.com/dev.do#!/reference/api/paris/client/c_GlideListV3API#r_GLV3-setFilterAndRefresh_S",
    "parent": false
}, {
    "text": "setFirstRow(Number firstRow)",
    "url": "https://developer.servicenow.com/dev.do#!/reference/api/paris/client/c_GlideListV3API#r_GLV3-setFirstRow_N",
    "parent": false
}, {
    "text": "setFormTarget(String target)",
    "url": "https://developer.servicenow.com/dev.do#!/reference/api/paris/client/c_GlideListV3API#r_GLV3-setFormTarget_S",
    "parent": false
}, {
    "text": "setGroupBy(String groupBy)",
    "url": "https://developer.servicenow.com/dev.do#!/reference/api/paris/client/c_GlideListV3API#r_GLV3-setGroupBy_S",
    "parent": false
}, {
    "text": "setOrderBy(String orderBy)",
    "url": "https://developer.servicenow.com/dev.do#!/reference/api/paris/client/c_GlideListV3API#r_GLV3-setOrderBy_S",
    "parent": false
}, {
    "text": "setReferringUrl(String url)",
    "url": "https://developer.servicenow.com/dev.do#!/reference/api/paris/client/c_GlideListV3API#r_GLV3-setReferringUrl_S",
    "parent": false
}, {
    "text": "setRowsPerPage(Number numRows)",
    "url": "https://developer.servicenow.com/dev.do#!/reference/api/paris/client/c_GlideListV3API#r_GLV3-setRowsPerPage_N",
    "parent": false
}, {
    "text": "showHideGroups(Boolean showFlag)",
    "url": "https://developer.servicenow.com/dev.do#!/reference/api/paris/client/c_GlideListV3API#r_GLV3-showHideGroups_B",
    "parent": false
}, {
    "text": "showHideList(Boolean showFlag)",
    "url": "https://developer.servicenow.com/dev.do#!/reference/api/paris/client/c_GlideListV3API#r_GLV3-showHideList_B",
    "parent": false
}, {
    "text": "sort(String field)",
    "url": "https://developer.servicenow.com/dev.do#!/reference/api/paris/client/c_GlideListV3API#r_GLV3-sort_S",
    "parent": false
}, {
    "text": "sortDescending(String field)",
    "url": "https://developer.servicenow.com/dev.do#!/reference/api/paris/client/c_GlideListV3API#r_GLV3-sortDescending_S",
    "parent": false
}, {
    "text": "toggleList()",
    "url": "https://developer.servicenow.com/dev.do#!/reference/api/paris/client/c_GlideListV3API#r_GLV3-toggleList",
    "parent": false
}, {
    "text": "toggleListNoPref()",
    "url": "https://developer.servicenow.com/dev.do#!/reference/api/paris/client/c_GlideListV3API#r_GLV3-toggleListNoPref",
    "parent": false
}, {
    "text": "GlideMenu (g_menu and g_item)",
    "url": "https://developer.servicenow.com/dev.do#!/reference/api/paris/client/c_GlideMenuAPI",
    "parent": true
}, {
    "text": "clearImage(GlideMenuItem item)",
    "url": "https://developer.servicenow.com/dev.do#!/reference/api/paris/client/c_GlideMenuAPI#r_GM-clearImage_GMI",
    "parent": false
}, {
    "text": "clearSelected()",
    "url": "https://developer.servicenow.com/dev.do#!/reference/api/paris/client/c_GlideMenuAPI#r_GM-clearSelected",
    "parent": false
}, {
    "text": "getItem(String itemID)",
    "url": "https://developer.servicenow.com/dev.do#!/reference/api/paris/client/c_GlideMenuAPI#r_GM-getItem_S",
    "parent": false
}, {
    "text": "setDisabled(GlideMenuItem item)",
    "url": "https://developer.servicenow.com/dev.do#!/reference/api/paris/client/c_GlideMenuAPI#r_GM-setDisabled_GMI",
    "parent": false
}, {
    "text": "setEnabled(GlideMenuItem item)",
    "url": "https://developer.servicenow.com/dev.do#!/reference/api/paris/client/c_GlideMenuAPI#r_GM-setEnabled_GMI",
    "parent": false
}, {
    "text": "setHidden(GlideMenuItem item)",
    "url": "https://developer.servicenow.com/dev.do#!/reference/api/paris/client/c_GlideMenuAPI#r_GM-setHidden_GMI",
    "parent": false
}, {
    "text": "setImage(GlideMenuItem item, String imgSrc)",
    "url": "https://developer.servicenow.com/dev.do#!/reference/api/paris/client/c_GlideMenuAPI#r_GM-setImage_GMI_S",
    "parent": false
}, {
    "text": "setLabel(GlideMenuItem item, String label)",
    "url": "https://developer.servicenow.com/dev.do#!/reference/api/paris/client/c_GlideMenuAPI#r_GM-setLabel_GMI_S",
    "parent": false
}, {
    "text": "setVisible(GlideMenuItem item)",
    "url": "https://developer.servicenow.com/dev.do#!/reference/api/paris/client/c_GlideMenuAPI#r_GM-setVisible_GMI",
    "parent": false
}, {
    "text": "GlideModalFormV3",
    "url": "https://developer.servicenow.com/dev.do#!/reference/api/paris/client/c_GlideModalFormV3API",
    "parent": true
}, {
    "text": "GlideModalForm(String title, String tableName, Function onCompletionCallback, Boolean readOnly)",
    "url": "https://developer.servicenow.com/dev.do#!/reference/api/paris/client/c_GlideModalFormV3API#r_GMFV3-GlideModalForm_S_S_F_B",
    "parent": false
}, {
    "text": "addParm(String name, String value)",
    "url": "https://developer.servicenow.com/dev.do#!/reference/api/paris/client/c_GlideModalFormV3API#r_GMFV3-addParm_S_S",
    "parent": false
}, {
    "text": "render()",
    "url": "https://developer.servicenow.com/dev.do#!/reference/api/paris/client/c_GlideModalFormV3API#r_GMFV3-render",
    "parent": false
}, {
    "text": "setCompletionCallback(Function callbackFunction)",
    "url": "https://developer.servicenow.com/dev.do#!/reference/api/paris/client/c_GlideModalFormV3API#r_GMFV3-setCompletionCallback_F",
    "parent": false
}, {
    "text": "setOnloadCallback(Function callbackFunction)",
    "url": "https://developer.servicenow.com/dev.do#!/reference/api/paris/client/c_GlideModalFormV3API#r_GMFV3-setOnloadCallback_F",
    "parent": false
}, {
    "text": "setSysID(String sys_id)",
    "url": "https://developer.servicenow.com/dev.do#!/reference/api/paris/client/c_GlideModalFormV3API#r_GMFV3-setSysID_S",
    "parent": false
}, {
    "text": "GlideModalV3",
    "url": "https://developer.servicenow.com/dev.do#!/reference/api/paris/client/c_GlideModalClientSideV3API",
    "parent": true
}, {
    "text": "GlideModal(String id, Boolean readOnly, Number width)",
    "url": "https://developer.servicenow.com/dev.do#!/reference/api/paris/client/c_GlideModalClientSideV3API#r_GMODV3-GlideModal_S_B_N_N",
    "parent": false
}, {
    "text": "get(String id)",
    "url": "https://developer.servicenow.com/dev.do#!/reference/api/paris/client/c_GlideModalClientSideV3API#r_GMODV3-get_S",
    "parent": false
}, {
    "text": "getPreference(String name)",
    "url": "https://developer.servicenow.com/dev.do#!/reference/api/paris/client/c_GlideModalClientSideV3API#r_GMODV3-getPreference_S",
    "parent": false
}, {
    "text": "render()",
    "url": "https://developer.servicenow.com/dev.do#!/reference/api/paris/client/c_GlideModalClientSideV3API#r_GMODV3-render",
    "parent": false
}, {
    "text": "renderWithContent(Object html)",
    "url": "https://developer.servicenow.com/dev.do#!/reference/api/paris/client/c_GlideModalClientSideV3API#r_GMODV3-renderWithContent_O",
    "parent": false
}, {
    "text": "renderWithContent(String html)",
    "url": "https://developer.servicenow.com/dev.do#!/reference/api/paris/client/c_GlideModalClientSideV3API#r_GMODV3-renderWithContent_S",
    "parent": false
}, {
    "text": "setPreference(String name, String value)",
    "url": "https://developer.servicenow.com/dev.do#!/reference/api/paris/client/c_GlideModalClientSideV3API#r_GMODV3-setPreference_S_S",
    "parent": false
}, {
    "text": "setPreferenceAndReload(Array properties)",
    "url": "https://developer.servicenow.com/dev.do#!/reference/api/paris/client/c_GlideModalClientSideV3API#r_GMODV3-setPrefAndReload_A",
    "parent": false
}, {
    "text": "setTitle(String title)",
    "url": "https://developer.servicenow.com/dev.do#!/reference/api/paris/client/c_GlideModalClientSideV3API#r_GMODV3-setTitle_S",
    "parent": false
}, {
    "text": "setWidth(Number width)",
    "url": "https://developer.servicenow.com/dev.do#!/reference/api/paris/client/c_GlideModalClientSideV3API#r_GMODV3-setWidth_S",
    "parent": false
}, {
    "text": "switchView(String newView)",
    "url": "https://developer.servicenow.com/dev.do#!/reference/api/paris/client/c_GlideModalClientSideV3API#r_GMODV3-switchView_S",
    "parent": false
}, {
    "text": "GlideNavigationV3",
    "url": "https://developer.servicenow.com/dev.do#!/reference/api/paris/client/c_GlideNavigationV3API",
    "parent": true
}, {
    "text": "open(String url, String target)",
    "url": "https://developer.servicenow.com/dev.do#!/reference/api/paris/client/c_GlideNavigationV3API#r_GNV3-open_S_S",
    "parent": false
}, {
    "text": "openPopup(String url, String name, String features, Boolean noStack)",
    "url": "https://developer.servicenow.com/dev.do#!/reference/api/paris/client/c_GlideNavigationV3API#r_GNV3-openPopup_S_S_S_B",
    "parent": false
}, {
    "text": "openRecord(String tableName, String sys_id)",
    "url": "https://developer.servicenow.com/dev.do#!/reference/api/paris/client/c_GlideNavigationV3API#r_GNV3-openRecord_S_S",
    "parent": false
}, {
    "text": "refreshNavigator()",
    "url": "https://developer.servicenow.com/dev.do#!/reference/api/paris/client/c_GlideNavigationV3API#r_GNV3-refreshNavigator",
    "parent": false
}, {
    "text": "reloadWindow()",
    "url": "https://developer.servicenow.com/dev.do#!/reference/api/paris/client/c_GlideNavigationV3API#r_GNV3-reloadWindow",
    "parent": false
}, {
    "text": "GlideNotificationV3",
    "url": "https://developer.servicenow.com/dev.do#!/reference/api/paris/client/c_GlideNotificationV3",
    "parent": true
}, {
    "text": "show(String type, String message)",
    "url": "https://developer.servicenow.com/dev.do#!/reference/api/paris/client/c_GlideNotificationV3#r_GNOTV3-show_S_S",
    "parent": false
}, {
    "text": "GlideRecord",
    "url": "https://developer.servicenow.com/dev.do#!/reference/api/paris/client/c_GlideRecordClientSideAPI",
    "parent": true
}, {
    "text": "GlideRecord(String tableName)",
    "url": "https://developer.servicenow.com/dev.do#!/reference/api/paris/client/c_GlideRecordClientSideAPI#r_GRCS-GlideRecord_S",
    "parent": false
}, {
    "text": "addOrderBy(String column)",
    "url": "https://developer.servicenow.com/dev.do#!/reference/api/paris/client/c_GlideRecordClientSideAPI#r_GRCS-addOrderBy_S",
    "parent": false
}, {
    "text": "addQuery(String name, Object operator, Object value)",
    "url": "https://developer.servicenow.com/dev.do#!/reference/api/paris/client/c_GlideRecordClientSideAPI#r_GRCS-addQuery_S_O_O",
    "parent": false
}, {
    "text": "addQuery(String name, Object value)",
    "url": "https://developer.servicenow.com/dev.do#!/reference/api/paris/client/c_GlideRecordClientSideAPI#r_GRCS-addQuery_S_O",
    "parent": false
}, {
    "text": "deleteRecord(Function responseFunction)",
    "url": "https://developer.servicenow.com/dev.do#!/reference/api/paris/client/c_GlideRecordClientSideAPI#r_GRCS-deleteRecord_Function",
    "parent": false
}, {
    "text": "get(Object sys_id)",
    "url": "https://developer.servicenow.com/dev.do#!/reference/api/paris/client/c_GlideRecordClientSideAPI#r_GRCS-get_O",
    "parent": false
}, {
    "text": "getEncodedQuery()",
    "url": "https://developer.servicenow.com/dev.do#!/reference/api/paris/client/c_GlideRecordClientSideAPI#r_GRCS-getEncodedQuery",
    "parent": false
}, {
    "text": "getLimit()",
    "url": "https://developer.servicenow.com/dev.do#!/reference/api/paris/client/c_GlideRecordClientSideAPI#r_GRCS-getLimit",
    "parent": false
}, {
    "text": "getTableName()",
    "url": "https://developer.servicenow.com/dev.do#!/reference/api/paris/client/c_GlideRecordClientSideAPI#r_GRCS-getTableName",
    "parent": false
}, {
    "text": "hasNext()",
    "url": "https://developer.servicenow.com/dev.do#!/reference/api/paris/client/c_GlideRecordClientSideAPI#r_GRCS-hasNext",
    "parent": false
}, {
    "text": "insert(Function responseFunction)",
    "url": "https://developer.servicenow.com/dev.do#!/reference/api/paris/client/c_GlideRecordClientSideAPI#r_GRCS-insert_Function",
    "parent": false
}, {
    "text": "next()",
    "url": "https://developer.servicenow.com/dev.do#!/reference/api/paris/client/c_GlideRecordClientSideAPI#r_GRCS-next",
    "parent": false
}, {
    "text": "orderBy(String column)",
    "url": "https://developer.servicenow.com/dev.do#!/reference/api/paris/client/c_GlideRecordClientSideAPI#r_GRCS-orderBy_S",
    "parent": false
}, {
    "text": "query(Function responseFunction)",
    "url": "https://developer.servicenow.com/dev.do#!/reference/api/paris/client/c_GlideRecordClientSideAPI#r_GRCS-query_Function",
    "parent": false
}, {
    "text": "setEncodedQuery(String encodedQuery)",
    "url": "https://developer.servicenow.com/dev.do#!/reference/api/paris/client/c_GlideRecordClientSideAPI#r_GRCS-setEncodedQuery",
    "parent": false
}, {
    "text": "setLimit(Number maxQuery)",
    "url": "https://developer.servicenow.com/dev.do#!/reference/api/paris/client/c_GlideRecordClientSideAPI#r_GRCS-setLimit_N",
    "parent": false
}, {
    "text": "GlideRecordV3",
    "url": "https://developer.servicenow.com/dev.do#!/reference/api/paris/client/c_GlideRecordClientSideV3API",
    "parent": true
}, {
    "text": "GlideRecord(String tableName)",
    "url": "https://developer.servicenow.com/dev.do#!/reference/api/paris/client/c_GlideRecordClientSideV3API#r_GRCS3-GlideRecord_S",
    "parent": false
}, {
    "text": "addOrderBy(String column)",
    "url": "https://developer.servicenow.com/dev.do#!/reference/api/paris/client/c_GlideRecordClientSideV3API#r_GRCS3-addOrderBy_S",
    "parent": false
}, {
    "text": "addQuery(String fieldName, Object operator, Object value)",
    "url": "https://developer.servicenow.com/dev.do#!/reference/api/paris/client/c_GlideRecordClientSideV3API#r_GRCS3-addQuery_S_O_O",
    "parent": false
}, {
    "text": "addQuery(String fieldName, Object value)",
    "url": "https://developer.servicenow.com/dev.do#!/reference/api/paris/client/c_GlideRecordClientSideV3API#r_GRCS3-addQuery_S_O",
    "parent": false
}, {
    "text": "deleteRecord(Function responseFunction)",
    "url": "https://developer.servicenow.com/dev.do#!/reference/api/paris/client/c_GlideRecordClientSideV3API#r_GRCS3-deleteRecord_F",
    "parent": false
}, {
    "text": "get(String sysId)",
    "url": "https://developer.servicenow.com/dev.do#!/reference/api/paris/client/c_GlideRecordClientSideV3API#r_GRCS3-get_S",
    "parent": false
}, {
    "text": "getEncodedQuery()",
    "url": "https://developer.servicenow.com/dev.do#!/reference/api/paris/client/c_GlideRecordClientSideV3API#r_GRCS3-getEncodedQuery",
    "parent": false
}, {
    "text": "getTableName()",
    "url": "https://developer.servicenow.com/dev.do#!/reference/api/paris/client/c_GlideRecordClientSideV3API#r_GRCS3-getTableName",
    "parent": false
}, {
    "text": "hasNext()",
    "url": "https://developer.servicenow.com/dev.do#!/reference/api/paris/client/c_GlideRecordClientSideV3API#r_GRCS3-hasNext",
    "parent": false
}, {
    "text": "insert(Function responseFunction)",
    "url": "https://developer.servicenow.com/dev.do#!/reference/api/paris/client/c_GlideRecordClientSideV3API#r_GRCS3-insert_F",
    "parent": false
}, {
    "text": "next()",
    "url": "https://developer.servicenow.com/dev.do#!/reference/api/paris/client/c_GlideRecordClientSideV3API#r_GRCS3-next",
    "parent": false
}, {
    "text": "orderBy(String column)",
    "url": "https://developer.servicenow.com/dev.do#!/reference/api/paris/client/c_GlideRecordClientSideV3API#r_GRCS3-orderBy_S",
    "parent": false
}, {
    "text": "query()",
    "url": "https://developer.servicenow.com/dev.do#!/reference/api/paris/client/c_GlideRecordClientSideV3API#r_GRCS3-query",
    "parent": false
}, {
    "text": "GlideUIScripts",
    "url": "https://developer.servicenow.com/dev.do#!/reference/api/paris/client/GUIScriptsAPI",
    "parent": true
}, {
    "text": "getUIScript(String scriptName)",
    "url": "https://developer.servicenow.com/dev.do#!/reference/api/paris/client/GUIScriptsAPI#GUIScripts-getUIScript_S",
    "parent": false
}, {
    "text": "GlideURLV3",
    "url": "https://developer.servicenow.com/dev.do#!/reference/api/paris/client/c_GlideURLV3API",
    "parent": true
}, {
    "text": "GlideURL(String contextPath)",
    "url": "https://developer.servicenow.com/dev.do#!/reference/api/paris/client/c_GlideURLV3API#r_GURL-GlideURL_S",
    "parent": false
}, {
    "text": "addParam(String name, String value)",
    "url": "https://developer.servicenow.com/dev.do#!/reference/api/paris/client/c_GlideURLV3API#r_GURL-addParam_S_S",
    "parent": false
}, {
    "text": "getURL(Object additionalParams)",
    "url": "https://developer.servicenow.com/dev.do#!/reference/api/paris/client/c_GlideURLV3API#r_GURL-getURL_O",
    "parent": false
}, {
    "text": "GlideUser",
    "url": "https://developer.servicenow.com/dev.do#!/reference/api/paris/client/c_GlideUserAPI",
    "parent": true
}, {
    "text": "firstName",
    "url": "https://developer.servicenow.com/dev.do#!/reference/api/paris/client/c_GlideUserAPI#r_GlideUserFirstName",
    "parent": false
}, {
    "text": "lastName",
    "url": "https://developer.servicenow.com/dev.do#!/reference/api/paris/client/c_GlideUserAPI#r_GlideUserLastName",
    "parent": false
}, {
    "text": "userID",
    "url": "https://developer.servicenow.com/dev.do#!/reference/api/paris/client/c_GlideUserAPI#r_GlideUserUserID",
    "parent": false
}, {
    "text": "userName",
    "url": "https://developer.servicenow.com/dev.do#!/reference/api/paris/client/c_GlideUserAPI#r_GlideUserUserName",
    "parent": false
}, {
    "text": "getClientData(String key)",
    "url": "https://developer.servicenow.com/dev.do#!/reference/api/paris/client/c_GlideUserAPI#r_GlideUser-getClientData_string",
    "parent": false
}, {
    "text": "getFullName()",
    "url": "https://developer.servicenow.com/dev.do#!/reference/api/paris/client/c_GlideUserAPI#r_GlideUser-getFullName",
    "parent": false
}, {
    "text": "hasRole(String role, Boolean includeDefaults)",
    "url": "https://developer.servicenow.com/dev.do#!/reference/api/paris/client/c_GlideUserAPI#r_GlideUser-hasRole_String",
    "parent": false
}, {
    "text": "hasRoleExactly(String role, Boolean includeDefaults)",
    "url": "https://developer.servicenow.com/dev.do#!/reference/api/paris/client/c_GlideUserAPI#r_GlideUser-hasRoleExactly_String",
    "parent": false
}, {
    "text": "hasRoleFromList(String roles, Boolean includeDefaults)",
    "url": "https://developer.servicenow.com/dev.do#!/reference/api/paris/client/c_GlideUserAPI#r_GlideUser-hasRoleFromList_String",
    "parent": false
}, {
    "text": "hasRoles(Boolean includeDefaults)",
    "url": "https://developer.servicenow.com/dev.do#!/reference/api/paris/client/c_GlideUserAPI#r_GlideUser-hasRoles",
    "parent": false
}, {
    "text": "setClientData(String key, String value)",
    "url": "https://developer.servicenow.com/dev.do#!/reference/api/paris/client/c_GlideUserAPI#r_GlideUser-setClientData_S_S",
    "parent": false
}, {
    "text": "Guided Tours",
    "url": "https://developer.servicenow.com/dev.do#!/reference/api/paris/client/guided_toursAPI",
    "parent": true
}, {
    "text": "applyListFilter(Function filter_func)",
    "url": "https://developer.servicenow.com/dev.do#!/reference/api/paris/client/guided_toursAPI#GT-applyListFilter_F",
    "parent": false
}, {
    "text": "endTour()",
    "url": "https://developer.servicenow.com/dev.do#!/reference/api/paris/client/guided_toursAPI#GT-endTour",
    "parent": false
}, {
    "text": "events.off(String event_name, Function listener_function)",
    "url": "https://developer.servicenow.com/dev.do#!/reference/api/paris/client/guided_toursAPI#GT-events.off_S_F",
    "parent": false
}, {
    "text": "events.on(String event_name, Function listener_function)",
    "url": "https://developer.servicenow.com/dev.do#!/reference/api/paris/client/guided_toursAPI#GT-events.on_S_F",
    "parent": false
}, {
    "text": "getAllTours(Function cb_function)",
    "url": "https://developer.servicenow.com/dev.do#!/reference/api/paris/client/guided_toursAPI#GT-getAllTours_F",
    "parent": false
}, {
    "text": "loadPlayer()",
    "url": "https://developer.servicenow.com/dev.do#!/reference/api/paris/client/guided_toursAPI#GT-loadPlayer",
    "parent": false
}, {
    "text": "startTour(String tour_id, Number step_number, Function cb_function)",
    "url": "https://developer.servicenow.com/dev.do#!/reference/api/paris/client/guided_toursAPI#GT-startTour_S_N_F",
    "parent": false
}, {
    "text": "i18NV3",
    "url": "https://developer.servicenow.com/dev.do#!/reference/api/paris/client/c_i18NV3API",
    "parent": true
}, {
    "text": "format(String message, Object map)",
    "url": "https://developer.servicenow.com/dev.do#!/reference/api/paris/client/c_i18NV3API#r_i18NV3-format-S_O",
    "parent": false
}, {
    "text": "getMessage(String msgKey, Function callback)",
    "url": "https://developer.servicenow.com/dev.do#!/reference/api/paris/client/c_i18NV3API#r_i18n-getMessage_S_F",
    "parent": false
}, {
    "text": "getMessages(Array msgKeys, Function callback)",
    "url": "https://developer.servicenow.com/dev.do#!/reference/api/paris/client/c_i18NV3API#r_i18NV3-getMessages_A_F",
    "parent": false
}, {
    "text": "Mobile GlideForm (g_form)",
    "url": "https://developer.servicenow.com/dev.do#!/reference/api/paris/client/c_MobileGlideForm_API",
    "parent": true
}, {
    "text": "addDecoration(String fieldName, String icon, String text)",
    "url": "https://developer.servicenow.com/dev.do#!/reference/api/paris/client/c_MobileGlideForm_API#r_MGF-addDecoration_S_S_S",
    "parent": false
}, {
    "text": "getLabel(String fieldName)",
    "url": "https://developer.servicenow.com/dev.do#!/reference/api/paris/client/c_MobileGlideForm_API#r_MGF-getLabel_S",
    "parent": false
}, {
    "text": "hasField(String fieldName)",
    "url": "https://developer.servicenow.com/dev.do#!/reference/api/paris/client/c_MobileGlideForm_API#r_MGF-hasField_S",
    "parent": false
}, {
    "text": "removeDecoration(String fieldName, String icon, String text)",
    "url": "https://developer.servicenow.com/dev.do#!/reference/api/paris/client/c_MobileGlideForm_API#r_MGF-removeDecoration_S_S_S",
    "parent": false
}, {
    "text": "setLabel(String fieldName, String label)",
    "url": "https://developer.servicenow.com/dev.do#!/reference/api/paris/client/c_MobileGlideForm_API#r_MGF-setLabel_S_S",
    "parent": false
}, {
    "text": "NotifyClient",
    "url": "https://developer.servicenow.com/dev.do#!/reference/api/paris/client/c_Notify2WebRTCClient",
    "parent": true
}, {
    "text": "Client(Object notifyConfig, Boolean initializeVendorClientLazily)",
    "url": "https://developer.servicenow.com/dev.do#!/reference/api/paris/client/c_Notify2WebRTCClient#r_Notify2WebRTCClient-Client_Object",
    "parent": false
}, {
    "text": "addEventListener(String event, Function fn)",
    "url": "https://developer.servicenow.com/dev.do#!/reference/api/paris/client/c_Notify2WebRTCClient#NotifyClient-addEventListener_S_F",
    "parent": false
}, {
    "text": "call(Object identifier)",
    "url": "https://developer.servicenow.com/dev.do#!/reference/api/paris/client/c_Notify2WebRTCClient#r_Notify2WebRTCClient-call_Object",
    "parent": false
}, {
    "text": "destroy()",
    "url": "https://developer.servicenow.com/dev.do#!/reference/api/paris/client/c_Notify2WebRTCClient#NotifyClient-destroy",
    "parent": false
}, {
    "text": "forwardCall(Object argument)",
    "url": "https://developer.servicenow.com/dev.do#!/reference/api/paris/client/c_Notify2WebRTCClient#r_NotifyClient-forwardCall_Object",
    "parent": false
}, {
    "text": "getAvailableClients(Function callback)",
    "url": "https://developer.servicenow.com/dev.do#!/reference/api/paris/client/c_Notify2WebRTCClient#r_NotifyClient-getAvailableClients",
    "parent": false
}, {
    "text": "getParentId(String callId, Function callback)",
    "url": "https://developer.servicenow.com/dev.do#!/reference/api/paris/client/c_Notify2WebRTCClient#NotifyClient-getParentId_S_F",
    "parent": false
}, {
    "text": "getStatus()",
    "url": "https://developer.servicenow.com/dev.do#!/reference/api/paris/client/c_Notify2WebRTCClient#NotifyClient-getStatus",
    "parent": false
}, {
    "text": "hangupCall()",
    "url": "https://developer.servicenow.com/dev.do#!/reference/api/paris/client/c_Notify2WebRTCClient#r_Notify2WebRTCClient-hangupCall",
    "parent": false
}, {
    "text": "init()",
    "url": "https://developer.servicenow.com/dev.do#!/reference/api/paris/client/c_Notify2WebRTCClient#NotifyClient-init",
    "parent": false
}, {
    "text": "mute(Boolean muted)",
    "url": "https://developer.servicenow.com/dev.do#!/reference/api/paris/client/c_Notify2WebRTCClient#r_Notify2WebRTCClient-mute_boolean",
    "parent": false
}, {
    "text": "pickupCall()",
    "url": "https://developer.servicenow.com/dev.do#!/reference/api/paris/client/c_Notify2WebRTCClient#r_Notify2WebRTCClient-pickupCall",
    "parent": false
}, {
    "text": "sendDtmf(String digits)",
    "url": "https://developer.servicenow.com/dev.do#!/reference/api/paris/client/c_Notify2WebRTCClient#r_NotifyClient-SendDtmf_S",
    "parent": false
}, {
    "text": "setCallerId(String value, Function autoSelectVendorCallback)",
    "url": "https://developer.servicenow.com/dev.do#!/reference/api/paris/client/c_Notify2WebRTCClient#NotifyClient-setCallerId_S_F",
    "parent": false
}, {
    "text": "setClientAvailable(Boolean available)",
    "url": "https://developer.servicenow.com/dev.do#!/reference/api/paris/client/c_Notify2WebRTCClient#r_NC-setClientAvailable_boolean",
    "parent": false
}, {
    "text": "NotifyOnTaskClient",
    "url": "https://developer.servicenow.com/dev.do#!/reference/api/paris/client/NotifyOnTaskClient",
    "parent": true
}, {
    "text": "addParticipants(Object data)",
    "url": "https://developer.servicenow.com/dev.do#!/reference/api/paris/client/NotifyOnTaskClient#NClient-addParticipants_O",
    "parent": false
}, {
    "text": "doConferenceAction(String action, Object data)",
    "url": "https://developer.servicenow.com/dev.do#!/reference/api/paris/client/NotifyOnTaskClient#NClient-doConferenceAction_S_O",
    "parent": false
}, {
    "text": "endConference(Object data)",
    "url": "https://developer.servicenow.com/dev.do#!/reference/api/paris/client/NotifyOnTaskClient#NClient-endConference_O",
    "parent": false
}, {
    "text": "getNotifyActionTemplate()",
    "url": "https://developer.servicenow.com/dev.do#!/reference/api/paris/client/NotifyOnTaskClient#NClient-getNotifyActionTemplate",
    "parent": false
}, {
    "text": "start(Object data)",
    "url": "https://developer.servicenow.com/dev.do#!/reference/api/paris/client/NotifyOnTaskClient#NClient-start_O",
    "parent": false
}, {
    "text": "openFrameAPI",
    "url": "https://developer.servicenow.com/dev.do#!/reference/api/paris/client/c_openFrameAPI",
    "parent": true
}, {
    "text": "hide()",
    "url": "https://developer.servicenow.com/dev.do#!/reference/api/paris/client/c_openFrameAPI#r_openFrameAPI-hide",
    "parent": false
}, {
    "text": "init(Object config, function successCallback, function failureCallback)",
    "url": "https://developer.servicenow.com/dev.do#!/reference/api/paris/client/c_openFrameAPI#r_openFrameAPI-init_String_String_String",
    "parent": false
}, {
    "text": "isVisible(function callback)",
    "url": "https://developer.servicenow.com/dev.do#!/reference/api/paris/client/c_openFrameAPI#r_openFrameAPI-isVisible_Object_Object",
    "parent": false
}, {
    "text": "openCustomURL(String details)",
    "url": "https://developer.servicenow.com/dev.do#!/reference/api/paris/client/c_openFrameAPI#r_openFrameAPI-openCustomURL",
    "parent": false
}, {
    "text": "openServiceNowForm(Object details)",
    "url": "https://developer.servicenow.com/dev.do#!/reference/api/paris/client/c_openFrameAPI#r_openFrame-openServiceNowForm_Object",
    "parent": false
}, {
    "text": "openServiceNowList(Object details)",
    "url": "https://developer.servicenow.com/dev.do#!/reference/api/paris/client/c_openFrameAPI#r_openFrameAPI-openServiceNowList_Object",
    "parent": false
}, {
    "text": "setFrameMode(mode)",
    "url": "https://developer.servicenow.com/dev.do#!/reference/api/paris/client/c_openFrameAPI#r_openFrameAPI-setFrameMode",
    "parent": false
}, {
    "text": "setHeight(height)",
    "url": "https://developer.servicenow.com/dev.do#!/reference/api/paris/client/c_openFrameAPI#r_openFrameAPI-setHeight",
    "parent": false
}, {
    "text": "setIcons(Array icons)",
    "url": "https://developer.servicenow.com/dev.do#!/reference/api/paris/client/c_openFrameAPI#r_openFrameAPI-setIcons_Array",
    "parent": false
}, {
    "text": "setPresenceIndicator(presence)",
    "url": "https://developer.servicenow.com/dev.do#!/reference/api/paris/client/c_openFrameAPI#openFrameAPI-setPresenceIndicator",
    "parent": false
}, {
    "text": "setSize(Number width, Number height)",
    "url": "https://developer.servicenow.com/dev.do#!/reference/api/paris/client/c_openFrameAPI#r_openFrameAPI-setSize_Number_Number",
    "parent": false
}, {
    "text": "setSubtitle(String subTitle)",
    "url": "https://developer.servicenow.com/dev.do#!/reference/api/paris/client/c_openFrameAPI#r_openFrameAPI-setSubtitle_String",
    "parent": false
}, {
    "text": "setTitle(String title)",
    "url": "https://developer.servicenow.com/dev.do#!/reference/api/paris/client/c_openFrameAPI#r_openFrameAPI-setTitle_String",
    "parent": false
}, {
    "text": "setTitleIcon(Object icon)",
    "url": "https://developer.servicenow.com/dev.do#!/reference/api/paris/client/c_openFrameAPI#r_openFrameAPI-setTitleIcon_Object",
    "parent": false
}, {
    "text": "setWidth(width)",
    "url": "https://developer.servicenow.com/dev.do#!/reference/api/paris/client/c_openFrameAPI#r_openFrameAPI-setWidth",
    "parent": false
}, {
    "text": "show()",
    "url": "https://developer.servicenow.com/dev.do#!/reference/api/paris/client/c_openFrameAPI#r_openFrameAPI-show",
    "parent": false
}, {
    "text": "subscribe(openFrameAPIEVENT event, function eventCallback)",
    "url": "https://developer.servicenow.com/dev.do#!/reference/api/paris/client/c_openFrameAPI#r_openFrameAPI-subscribe_String_Object",
    "parent": false
}, {
    "text": "version()",
    "url": "https://developer.servicenow.com/dev.do#!/reference/api/paris/client/c_openFrameAPI#r_openFrameAPI-version",
    "parent": false
}, {
    "text": "ScriptLoader",
    "url": "https://developer.servicenow.com/dev.do#!/reference/api/paris/client/c_ScriptLoaderAPI",
    "parent": true
}, {
    "text": "getScripts(Array scripts, Function callback)",
    "url": "https://developer.servicenow.com/dev.do#!/reference/api/paris/client/c_ScriptLoaderAPI#r_SCRLDR-getScripts_A_F",
    "parent": false
}, {
    "text": "getScripts(String filePath, Function callback)",
    "url": "https://developer.servicenow.com/dev.do#!/reference/api/paris/client/c_ScriptLoaderAPI#r_SCRLDR-getScripts_S_F",
    "parent": false
}, {
    "text": "spAriaUtil",
    "url": "https://developer.servicenow.com/dev.do#!/reference/api/paris/client/spAriaUtil-API",
    "parent": true
}, {
    "text": "sendLiveMessage(String message)",
    "url": "https://developer.servicenow.com/dev.do#!/reference/api/paris/client/spAriaUtil-API#SPAU-sendLiveMessage_S",
    "parent": false
}, {
    "text": "spContextManager",
    "url": "https://developer.servicenow.com/dev.do#!/reference/api/paris/client/spContextManagerAPI",
    "parent": true
}, {
    "text": "addContext(String key, Object context)",
    "url": "https://developer.servicenow.com/dev.do#!/reference/api/paris/client/spContextManagerAPI#SPCM-addContext_S_O",
    "parent": false
}, {
    "text": "getContext()",
    "url": "https://developer.servicenow.com/dev.do#!/reference/api/paris/client/spContextManagerAPI#SPCM-getContext",
    "parent": false
}, {
    "text": "getContextForKey(String key, Boolean returnPromise)",
    "url": "https://developer.servicenow.com/dev.do#!/reference/api/paris/client/spContextManagerAPI#SPCM-getContextForKey_S_B",
    "parent": false
}, {
    "text": "updateContextForKey(String key, Object context)",
    "url": "https://developer.servicenow.com/dev.do#!/reference/api/paris/client/spContextManagerAPI#SPCM-updateContextForKey_S_O",
    "parent": false
}, {
    "text": "spModal",
    "url": "https://developer.servicenow.com/dev.do#!/reference/api/paris/client/SPModal-API",
    "parent": true
}, {
    "text": "alert(String message).then(fn)",
    "url": "https://developer.servicenow.com/dev.do#!/reference/api/paris/client/SPModal-API#SPM-alert_S",
    "parent": false
}, {
    "text": "confirm(String message).then(fn)",
    "url": "https://developer.servicenow.com/dev.do#!/reference/api/paris/client/SPModal-API#SPM-confirm_S",
    "parent": false
}, {
    "text": "open(Object options).then(fn)",
    "url": "https://developer.servicenow.com/dev.do#!/reference/api/paris/client/SPModal-API#SPM-open_O",
    "parent": false
}, {
    "text": "prompt(String message, String default).then(fn)",
    "url": "https://developer.servicenow.com/dev.do#!/reference/api/paris/client/SPModal-API#SPM-prompt_S_S",
    "parent": false
}, {
    "text": "spUtil",
    "url": "https://developer.servicenow.com/dev.do#!/reference/api/paris/client/spUtilAPI",
    "parent": true
}, {
    "text": "addErrorMessage(String message)",
    "url": "https://developer.servicenow.com/dev.do#!/reference/api/paris/client/spUtilAPI#SPU-addErrorMessage_S",
    "parent": false
}, {
    "text": "addInfoMessage(String message)",
    "url": "https://developer.servicenow.com/dev.do#!/reference/api/paris/client/spUtilAPI#SPU-addInfoMessage_S",
    "parent": false
}, {
    "text": "addTrivialMessage(String message)",
    "url": "https://developer.servicenow.com/dev.do#!/reference/api/paris/client/spUtilAPI#SPU-addTrivialMessage_S",
    "parent": false
}, {
    "text": "createUid()",
    "url": "https://developer.servicenow.com/dev.do#!/reference/api/paris/client/spUtilAPI#SPU-createUid",
    "parent": false
}, {
    "text": "format(String template, Object data)",
    "url": "https://developer.servicenow.com/dev.do#!/reference/api/paris/client/spUtilAPI#SPU-format_S_O",
    "parent": false
}, {
    "text": "get(String widgetId Object data)",
    "url": "https://developer.servicenow.com/dev.do#!/reference/api/paris/client/spUtilAPI#SPU-get_S",
    "parent": false
}, {
    "text": "getHeaders()",
    "url": "https://developer.servicenow.com/dev.do#!/reference/api/paris/client/spUtilAPI#SPU-getHeaders",
    "parent": false
}, {
    "text": "getHost()",
    "url": "https://developer.servicenow.com/dev.do#!/reference/api/paris/client/spUtilAPI#SPU-getHost",
    "parent": false
}, {
    "text": "getPreference(String preference, Function callback)",
    "url": "https://developer.servicenow.com/dev.do#!/reference/api/paris/client/spUtilAPI#SPU-getPreference",
    "parent": false
}, {
    "text": "getURL()",
    "url": "https://developer.servicenow.com/dev.do#!/reference/api/paris/client/spUtilAPI#SPU-getURL",
    "parent": false
}, {
    "text": "isMobile()",
    "url": "https://developer.servicenow.com/dev.do#!/reference/api/paris/client/spUtilAPI#SPU-isMobile",
    "parent": false
}, {
    "text": "parseAttributes(String attributes)",
    "url": "https://developer.servicenow.com/dev.do#!/reference/api/paris/client/spUtilAPI#SPU-parseAttributes",
    "parent": false
}, {
    "text": "recordWatch(Object $scope, String table, String filter, Function callback)",
    "url": "https://developer.servicenow.com/dev.do#!/reference/api/paris/client/spUtilAPI#SPU-recordWatch_O_S_S_F",
    "parent": false
}, {
    "text": "refresh(Object $scope)",
    "url": "https://developer.servicenow.com/dev.do#!/reference/api/paris/client/spUtilAPI#SPU-refresh_O",
    "parent": false
}, {
    "text": "scrollTo(String selector, Number time)",
    "url": "https://developer.servicenow.com/dev.do#!/reference/api/paris/client/spUtilAPI#SPU-scrollTo",
    "parent": false
}, {
    "text": "setBreadCrumb()",
    "url": "https://developer.servicenow.com/dev.do#!/reference/api/paris/client/spUtilAPI#SPU-setBreadCrumb",
    "parent": false
}, {
    "text": "setPreference(String preference, String value)",
    "url": "https://developer.servicenow.com/dev.do#!/reference/api/paris/client/spUtilAPI#SPU-setPreference",
    "parent": false
}, {
    "text": "setSearchPage(String searchPage)",
    "url": "https://developer.servicenow.com/dev.do#!/reference/api/paris/client/spUtilAPI#SPU-setSearchPage",
    "parent": false
}, {
    "text": "update(Object $scope)",
    "url": "https://developer.servicenow.com/dev.do#!/reference/api/paris/client/spUtilAPI#SPU-update_O",
    "parent": false
}, {
    "text": "StopWatch",
    "url": "https://developer.servicenow.com/dev.do#!/reference/api/paris/client/c_StopWatchAPI",
    "parent": true
}, {
    "text": "StopWatch()",
    "url": "https://developer.servicenow.com/dev.do#!/reference/api/paris/client/c_StopWatchAPI#r_STPW-StopWatch",
    "parent": false
}, {
    "text": "StopWatch(Date initialDate)",
    "url": "https://developer.servicenow.com/dev.do#!/reference/api/paris/client/c_StopWatchAPI#r_STPW-StopWatch_D",
    "parent": false
}, {
    "text": "getTime()",
    "url": "https://developer.servicenow.com/dev.do#!/reference/api/paris/client/c_StopWatchAPI#r_STPW-getTime",
    "parent": false
}, {
    "text": "restart()",
    "url": "https://developer.servicenow.com/dev.do#!/reference/api/paris/client/c_StopWatchAPI#r_STPW-restart",
    "parent": false
}, {
    "text": "toString()",
    "url": "https://developer.servicenow.com/dev.do#!/reference/api/paris/client/c_StopWatchAPI#r_STPW-toString",
    "parent": false
}]