[{
    "text": "Account API",
    "url": "https://developer.servicenow.com/dev.do#!/reference/api/paris/rest/account-api",
    "parent": true
}, {
    "text": "GET /now/account",
    "url": "https://developer.servicenow.com/dev.do#!/reference/api/paris/rest/account-api#caccount-GET",
    "parent": false
}, {
    "text": "GET /now/account/{id}",
    "url": "https://developer.servicenow.com/dev.do#!/reference/api/paris/rest/account-api#case-GET-account-id",
    "parent": false
}, {
    "text": "ActivitySubscriptions API",
    "url": "https://developer.servicenow.com/dev.do#!/reference/api/paris/rest/actsub-api",
    "parent": true
}, {
    "text": "GET /now/actsub/activities",
    "url": "https://developer.servicenow.com/dev.do#!/reference/api/paris/rest/actsub-api#actsub-GET-activities",
    "parent": false
}, {
    "text": "GET /now/actsub/facets/{activity_context}/{context_instance}",
    "url": "https://developer.servicenow.com/dev.do#!/reference/api/paris/rest/actsub-api#actsub-GET-facets",
    "parent": false
}, {
    "text": "Aggregate API",
    "url": "https://developer.servicenow.com/dev.do#!/reference/api/paris/rest/c_AggregateAPI",
    "parent": true
}, {
    "text": "GET /now/stats/{tableName}",
    "url": "https://developer.servicenow.com/dev.do#!/reference/api/paris/rest/c_AggregateAPI#aggregate-GET-stats",
    "parent": false
}, {
    "text": "Application Service API",
    "url": "https://developer.servicenow.com/dev.do#!/reference/api/paris/rest/application-service-API",
    "parent": true
}, {
    "text": "GET /now/cmdb/app_service/{sys_id}/getContent",
    "url": "https://developer.servicenow.com/dev.do#!/reference/api/paris/rest/application-service-API#getContent-GET-cmdb-appService-sysId",
    "parent": false
}, {
    "text": "GET /now/cmdb/csdm/app_service/find_service",
    "url": "https://developer.servicenow.com/dev.do#!/reference/api/paris/rest/application-service-API#appservice-GET-find_service",
    "parent": false
}, {
    "text": "POST /now/cmdb/app_service/create",
    "url": "https://developer.servicenow.com/dev.do#!/reference/api/paris/rest/application-service-API#appservice-POST-create",
    "parent": false
}, {
    "text": "POST /now/cmdb/csdm/app_service/register_service",
    "url": "https://developer.servicenow.com/dev.do#!/reference/api/paris/rest/application-service-API#appservice-POST-register_service",
    "parent": false
}, {
    "text": "PUT /now/cmdb/csdm/app_service/{service_sys_id}/populate_service",
    "url": "https://developer.servicenow.com/dev.do#!/reference/api/paris/rest/application-service-API#appservice-PUT-populate_service",
    "parent": false
}, {
    "text": "PUT /now/cmdb/csdm/app_service/{service_sys_id}/service_details",
    "url": "https://developer.servicenow.com/dev.do#!/reference/api/paris/rest/application-service-API#appservice-PUT-service_details",
    "parent": false
}, {
    "text": "Attachment API",
    "url": "https://developer.servicenow.com/dev.do#!/reference/api/paris/rest/c_AttachmentAPI",
    "parent": true
}, {
    "text": "DELETE /now/attachment/{sys_id}",
    "url": "https://developer.servicenow.com/dev.do#!/reference/api/paris/rest/c_AttachmentAPI#attachment-DELETE",
    "parent": false
}, {
    "text": "GET /now/attachment",
    "url": "https://developer.servicenow.com/dev.do#!/reference/api/paris/rest/c_AttachmentAPI#attachment-GET",
    "parent": false
}, {
    "text": "GET /now/attachment/{sys_id}/file",
    "url": "https://developer.servicenow.com/dev.do#!/reference/api/paris/rest/c_AttachmentAPI#attachment-GET-file",
    "parent": false
}, {
    "text": "GET /now/attachment/{sys_id}",
    "url": "https://developer.servicenow.com/dev.do#!/reference/api/paris/rest/c_AttachmentAPI#attachment-GET-sys_id",
    "parent": false
}, {
    "text": "POST /now/attachment/file",
    "url": "https://developer.servicenow.com/dev.do#!/reference/api/paris/rest/c_AttachmentAPI#attachment-POST-file",
    "parent": false
}, {
    "text": "POST /now/attachment/upload",
    "url": "https://developer.servicenow.com/dev.do#!/reference/api/paris/rest/c_AttachmentAPI#attachment-POST-upload",
    "parent": false
}, {
    "text": "AWA Agent API",
    "url": "https://developer.servicenow.com/dev.do#!/reference/api/paris/rest/agent-api",
    "parent": true
}, {
    "text": "GET /now/awa/agents/{user_id}",
    "url": "https://developer.servicenow.com/dev.do#!/reference/api/paris/rest/agent-api#awa-GET-agents",
    "parent": false
}, {
    "text": "PUT /now/awa/agents/{user_id}",
    "url": "https://developer.servicenow.com/dev.do#!/reference/api/paris/rest/agent-api#awa-PUT-agents",
    "parent": false
}, {
    "text": "AWA Routing API",
    "url": "https://developer.servicenow.com/dev.do#!/reference/api/paris/rest/queue_api",
    "parent": true
}, {
    "text": "POST /now/awa/queues/{queue_sys_id}/work_item",
    "url": "https://developer.servicenow.com/dev.do#!/reference/api/paris/rest/queue_api#awa-POST-queues-work_item",
    "parent": false
}, {
    "text": "Batch API",
    "url": "https://developer.servicenow.com/dev.do#!/reference/api/paris/rest/batch-api",
    "parent": true
}, {
    "text": "POST /now/batch",
    "url": "https://developer.servicenow.com/dev.do#!/reference/api/paris/rest/batch-api#batch-POST",
    "parent": false
}, {
    "text": "Case API",
    "url": "https://developer.servicenow.com/dev.do#!/reference/api/paris/rest/case-api",
    "parent": true
}, {
    "text": "GET /sn_customerservice/case/{id}/activities",
    "url": "https://developer.servicenow.com/dev.do#!/reference/api/paris/rest/case-api#case-GET-case-activities",
    "parent": false
}, {
    "text": "GET /sn_customerservice/case/field_values/{field_name}",
    "url": "https://developer.servicenow.com/dev.do#!/reference/api/paris/rest/case-api#case-GET-case-field_values",
    "parent": false
}, {
    "text": "GET /sn_customerservice/case/{id}/field_values/{field_name}",
    "url": "https://developer.servicenow.com/dev.do#!/reference/api/paris/rest/case-api#case-GET-case-id-field_values",
    "parent": false
}, {
    "text": "GET /sn_customerservice/case/{id}",
    "url": "https://developer.servicenow.com/dev.do#!/reference/api/paris/rest/case-api#case-GET-case-id",
    "parent": false
}, {
    "text": "GET /sn_customerservice/case",
    "url": "https://developer.servicenow.com/dev.do#!/reference/api/paris/rest/case-api#case-GET-case",
    "parent": false
}, {
    "text": "POST /sn_customerservice/case",
    "url": "https://developer.servicenow.com/dev.do#!/reference/api/paris/rest/case-api#case-POST-case",
    "parent": false
}, {
    "text": "PUT /sn_customerservice/case/{id}",
    "url": "https://developer.servicenow.com/dev.do#!/reference/api/paris/rest/case-api#case-PUT-case",
    "parent": false
}, {
    "text": "Change Management API",
    "url": "https://developer.servicenow.com/dev.do#!/reference/api/paris/rest/change-management-api",
    "parent": true
}, {
    "text": "DELETE /sn_chg_rest/change/{change_sys_id}/task/{task_sys_id}",
    "url": "https://developer.servicenow.com/dev.do#!/reference/api/paris/rest/change-management-api#change-DELETE-c_id-task-t_id",
    "parent": false
}, {
    "text": "DELETE /sn_chg_rest/change/{sys_id}/conflict",
    "url": "https://developer.servicenow.com/dev.do#!/reference/api/paris/rest/change-management-api#change-DELETE-conflict",
    "parent": false
}, {
    "text": "DELETE /sn_chg_rest/change/emergency/{sys_id}",
    "url": "https://developer.servicenow.com/dev.do#!/reference/api/paris/rest/change-management-api#change-DELETE-emergency",
    "parent": false
}, {
    "text": "DELETE /sn_chg_rest/change/normal/{sys_id}",
    "url": "https://developer.servicenow.com/dev.do#!/reference/api/paris/rest/change-management-api#change-DELETE-normal",
    "parent": false
}, {
    "text": "DELETE /sn_chg_rest/change/standard/{sys_id}",
    "url": "https://developer.servicenow.com/dev.do#!/reference/api/paris/rest/change-management-api#change-DELETE-standard",
    "parent": false
}, {
    "text": "GET /sn_chg_rest/change/{change_sys_id}/task",
    "url": "https://developer.servicenow.com/dev.do#!/reference/api/paris/rest/change-management-api#change-GET-c_id-task",
    "parent": false
}, {
    "text": "GET /sn_chg_rest/change/{sys_id}/ci",
    "url": "https://developer.servicenow.com/dev.do#!/reference/api/paris/rest/change-management-api#change-GET-ci",
    "parent": false
}, {
    "text": "GET /sn_chg_rest/change/{sys_id}/conflict",
    "url": "https://developer.servicenow.com/dev.do#!/reference/api/paris/rest/change-management-api#change-GET-conflict",
    "parent": false
}, {
    "text": "GET /sn_chg_rest/change/emergency",
    "url": "https://developer.servicenow.com/dev.do#!/reference/api/paris/rest/change-management-api#change-GET-emergency",
    "parent": false
}, {
    "text": "GET /sn_chg_rest/change/emergency/{sys_id}",
    "url": "https://developer.servicenow.com/dev.do#!/reference/api/paris/rest/change-management-api#change-GET-emergency-sys_id",
    "parent": false
}, {
    "text": "GET /sn_chg_rest/change/normal",
    "url": "https://developer.servicenow.com/dev.do#!/reference/api/paris/rest/change-management-api#change-GET-normal",
    "parent": false
}, {
    "text": "GET /sn_chg_rest/change/normal/{sys_id}",
    "url": "https://developer.servicenow.com/dev.do#!/reference/api/paris/rest/change-management-api#change-GET-normal-sys_id",
    "parent": false
}, {
    "text": "GET /sn_chg_rest/change/standard",
    "url": "https://developer.servicenow.com/dev.do#!/reference/api/paris/rest/change-management-api#change-GET-standard",
    "parent": false
}, {
    "text": "GET /sn_chg_rest/change/standard/{sys_id}",
    "url": "https://developer.servicenow.com/dev.do#!/reference/api/paris/rest/change-management-api#change-GET-standard-sys_id",
    "parent": false
}, {
    "text": "GET /sn_chg_rest/change/standard/template",
    "url": "https://developer.servicenow.com/dev.do#!/reference/api/paris/rest/change-management-api#change-GET-standard-temp",
    "parent": false
}, {
    "text": "GET /sn_chg_rest/change/standard/template/{sys_id}",
    "url": "https://developer.servicenow.com/dev.do#!/reference/api/paris/rest/change-management-api#change-GET-standard-temp-sys_id",
    "parent": false
}, {
    "text": "GET /sn_chg_rest/change/worker/{sys_id}",
    "url": "https://developer.servicenow.com/dev.do#!/reference/api/paris/rest/change-management-api#change-GET-worker",
    "parent": false
}, {
    "text": "PATCH /sn_chg_rest/change/{sys_id}/approvals",
    "url": "https://developer.servicenow.com/dev.do#!/reference/api/paris/rest/change-management-api#change-PATCH-approvals",
    "parent": false
}, {
    "text": "PATCH /sn_chg_rest/change/{change_sys_id}/task/{task_sys_id}",
    "url": "https://developer.servicenow.com/dev.do#!/reference/api/paris/rest/change-management-api#change-PATCH-c_id-task-t_id",
    "parent": false
}, {
    "text": "PATCH /sn_chg_rest/change/emergency/{sys_id}",
    "url": "https://developer.servicenow.com/dev.do#!/reference/api/paris/rest/change-management-api#change-PATCH-emergency",
    "parent": false
}, {
    "text": "PATCH /sn_chg_rest/change/normal/{sys_id}",
    "url": "https://developer.servicenow.com/dev.do#!/reference/api/paris/rest/change-management-api#change-PATCH-normal",
    "parent": false
}, {
    "text": "PATCH /sn_chg_rest/change/standard/{sys_id}",
    "url": "https://developer.servicenow.com/dev.do#!/reference/api/paris/rest/change-management-api#change-PATCH-standard",
    "parent": false
}, {
    "text": "PATCH /sn_chg_rest/change/standard/{sys_id}/risk",
    "url": "https://developer.servicenow.com/dev.do#!/reference/api/paris/rest/change-management-api#change-PATCH-standard-risk",
    "parent": false
}, {
    "text": "POST /sn_chg_rest/change/{sys_id}/ci",
    "url": "https://developer.servicenow.com/dev.do#!/reference/api/paris/rest/change-management-api#change-POST-ci",
    "parent": false
}, {
    "text": "POST /sn_chg_rest/change/{sys_id}/conflict",
    "url": "https://developer.servicenow.com/dev.do#!/reference/api/paris/rest/change-management-api#change-POST-conflict",
    "parent": false
}, {
    "text": "POST /sn_chg_rest/change/emergency",
    "url": "https://developer.servicenow.com/dev.do#!/reference/api/paris/rest/change-management-api#change-POST-emergency",
    "parent": false
}, {
    "text": "POST /sn_chg_rest/change/normal",
    "url": "https://developer.servicenow.com/dev.do#!/reference/api/paris/rest/change-management-api#change-POST-normal",
    "parent": false
}, {
    "text": "POST /sn_chg_rest/change/{sys_id}/refresh_impacted_services",
    "url": "https://developer.servicenow.com/dev.do#!/reference/api/paris/rest/change-management-api#change-POST-refresh_impact_srvcs",
    "parent": false
}, {
    "text": "POST /sn_chg_rest/change/standard/{standard_change_template_id}",
    "url": "https://developer.servicenow.com/dev.do#!/reference/api/paris/rest/change-management-api#changemgmt-POST-std-create-chng-req",
    "parent": false
}, {
    "text": "POST /sn_chg_rest/change/{change_sys_id}/task",
    "url": "https://developer.servicenow.com/dev.do#!/reference/api/paris/rest/change-management-api#change-POST-task",
    "parent": false
}, {
    "text": "CI Lifecycle Management API",
    "url": "https://developer.servicenow.com/dev.do#!/reference/api/paris/rest/CI-Lifecycle-Management-API",
    "parent": true
}, {
    "text": "DELETE /now/cilifecyclemgmt/actions",
    "url": "https://developer.servicenow.com/dev.do#!/reference/api/paris/rest/CI-Lifecycle-Management-API#cilifecyclemgmt-DELETE-actions",
    "parent": false
}, {
    "text": "DELETE /now/cilifecyclemgmt/operators/{req_id}",
    "url": "https://developer.servicenow.com/dev.do#!/reference/api/paris/rest/CI-Lifecycle-Management-API#cilifecyclemgmt-DELETE-operators",
    "parent": false
}, {
    "text": "GET /now/cilifecyclemgmt/actions/{sys_id}",
    "url": "https://developer.servicenow.com/dev.do#!/reference/api/paris/rest/CI-Lifecycle-Management-API#cilifecyclemgmt-GET-actions",
    "parent": false
}, {
    "text": "GET /now/cilifecyclemgmt/compatActions",
    "url": "https://developer.servicenow.com/dev.do#!/reference/api/paris/rest/CI-Lifecycle-Management-API#cilifecyclemgmt-GET-compatAction",
    "parent": false
}, {
    "text": "GET /now/cilifecyclemgmt/leases/{sys_id}/expired",
    "url": "https://developer.servicenow.com/dev.do#!/reference/api/paris/rest/CI-Lifecycle-Management-API#cilifecyclemgmt-GET-leases-expired",
    "parent": false
}, {
    "text": "GET /now/cilifecyclemgmt/notAllowedAction",
    "url": "https://developer.servicenow.com/dev.do#!/reference/api/paris/rest/CI-Lifecycle-Management-API#cilifecyclemgmt-GET-notAllowedAct",
    "parent": false
}, {
    "text": "GET /now/cilifecyclemgmt/notAllowedOpsTransition",
    "url": "https://developer.servicenow.com/dev.do#!/reference/api/paris/rest/CI-Lifecycle-Management-API#cilifecyclemgmt-GET-notAllowedOps",
    "parent": false
}, {
    "text": "GET /now/cilifecyclemgmt/requestors/{req_id}/valid",
    "url": "https://developer.servicenow.com/dev.do#!/reference/api/paris/rest/CI-Lifecycle-Management-API#cilifecyclemgmt-GET-req-valid",
    "parent": false
}, {
    "text": "GET /now/cilifecyclemgmt/statuses/{sys_id}",
    "url": "https://developer.servicenow.com/dev.do#!/reference/api/paris/rest/CI-Lifecycle-Management-API#cilifecyclemgmt-GET-statuses",
    "parent": false
}, {
    "text": "PATCH /now/cilifecyclemgmt/leases/{sys_id}",
    "url": "https://developer.servicenow.com/dev.do#!/reference/api/paris/rest/CI-Lifecycle-Management-API#cilifecyclemgmt-PATCH-leases",
    "parent": false
}, {
    "text": "POST /now/cilifecyclemgmt/actions",
    "url": "https://developer.servicenow.com/dev.do#!/reference/api/paris/rest/CI-Lifecycle-Management-API#cilifecyclemgmt-POST-action",
    "parent": false
}, {
    "text": "POST /now/cilifecyclemgmt/operators",
    "url": "https://developer.servicenow.com/dev.do#!/reference/api/paris/rest/CI-Lifecycle-Management-API#cilifecyclemgmt-POST-operators",
    "parent": false
}, {
    "text": "POST /now/cilifecyclemgmt/statuses",
    "url": "https://developer.servicenow.com/dev.do#!/reference/api/paris/rest/CI-Lifecycle-Management-API#cilifecyclemgmt-POST-statuses",
    "parent": false
}, {
    "text": "CMDB Data Ingestion API",
    "url": "https://developer.servicenow.com/dev.do#!/reference/api/paris/rest/cmdb-ingest-api",
    "parent": true
}, {
    "text": "POST /cmdb/ingest/{data_source_sys_id}",
    "url": "https://developer.servicenow.com/dev.do#!/reference/api/paris/rest/cmdb-ingest-api#cmdb-POST-ingest",
    "parent": false
}, {
    "text": "CMDB Instance API",
    "url": "https://developer.servicenow.com/dev.do#!/reference/api/paris/rest/cmdb-instance-api",
    "parent": true
}, {
    "text": "DELETE /now/cmdb/instance/{classname}/{sys_id}/relation/{rel_sys_id}",
    "url": "https://developer.servicenow.com/dev.do#!/reference/api/paris/rest/cmdb-instance-api#cmdb-DELETE-instance-relation",
    "parent": false
}, {
    "text": "GET /now/cmdb/instance/{classname}",
    "url": "https://developer.servicenow.com/dev.do#!/reference/api/paris/rest/cmdb-instance-api#cmdb-GET-instance-classname",
    "parent": false
}, {
    "text": "GET /now/cmdb/instance/{classname}/{sys_id}",
    "url": "https://developer.servicenow.com/dev.do#!/reference/api/paris/rest/cmdb-instance-api#cmdb-GET-instance-classname-sys_id",
    "parent": false
}, {
    "text": "PATCH /now/cmdb/instance/{classname}/{sys_id}",
    "url": "https://developer.servicenow.com/dev.do#!/reference/api/paris/rest/cmdb-instance-api#cmdb-PATCH-instance",
    "parent": false
}, {
    "text": "POST /now/cmdb/instance/{classname}",
    "url": "https://developer.servicenow.com/dev.do#!/reference/api/paris/rest/cmdb-instance-api#cmdb-POST-instance",
    "parent": false
}, {
    "text": "POST /now/cmdb/instance/{classname}/{sys_id}/relation",
    "url": "https://developer.servicenow.com/dev.do#!/reference/api/paris/rest/cmdb-instance-api#cmdb-POST-instance-relation",
    "parent": false
}, {
    "text": "PUT /now/cmdb/instance/{classname}/{sys_id}",
    "url": "https://developer.servicenow.com/dev.do#!/reference/api/paris/rest/cmdb-instance-api#cmdb-PUT-instance",
    "parent": false
}, {
    "text": "CMDB Meta API",
    "url": "https://developer.servicenow.com/dev.do#!/reference/api/paris/rest/cmdb-meta-api",
    "parent": true
}, {
    "text": "GET /now/cmdb/meta/{classname}",
    "url": "https://developer.servicenow.com/dev.do#!/reference/api/paris/rest/cmdb-meta-api#cmdb-GET-meta",
    "parent": false
}, {
    "text": "Consumer API",
    "url": "https://developer.servicenow.com/dev.do#!/reference/api/paris/rest/consumer-api",
    "parent": true
}, {
    "text": "GET /now/consumer",
    "url": "https://developer.servicenow.com/dev.do#!/reference/api/paris/rest/consumer-api#consumer-GET",
    "parent": false
}, {
    "text": "GET /now/consumer/{id}",
    "url": "https://developer.servicenow.com/dev.do#!/reference/api/paris/rest/consumer-api#consumer-GET-id",
    "parent": false
}, {
    "text": "POST /now/consumer",
    "url": "https://developer.servicenow.com/dev.do#!/reference/api/paris/rest/consumer-api#consumer-POST",
    "parent": false
}, {
    "text": "Contact API",
    "url": "https://developer.servicenow.com/dev.do#!/reference/api/paris/rest/contact-api",
    "parent": true
}, {
    "text": "GET /now/contact",
    "url": "https://developer.servicenow.com/dev.do#!/reference/api/paris/rest/contact-api#contact-GET",
    "parent": false
}, {
    "text": "GET /now/contact/{id}",
    "url": "https://developer.servicenow.com/dev.do#!/reference/api/paris/rest/contact-api#contact-GET-id",
    "parent": false
}, {
    "text": "POST /now/contact",
    "url": "https://developer.servicenow.com/dev.do#!/reference/api/paris/rest/contact-api#contact-POST",
    "parent": false
}, {
    "text": "Continuous Integration/Continuous Delivery (CI/CD) API",
    "url": "https://developer.servicenow.com/dev.do#!/reference/api/paris/rest/cicd-api",
    "parent": true
}, {
    "text": "GET /sn_cicd/progress/{progress_id}",
    "url": "https://developer.servicenow.com/dev.do#!/reference/api/paris/rest/cicd-api#cicd-GET-progress",
    "parent": false
}, {
    "text": "GET /sn_cicd/testsuite/results/{result_id}",
    "url": "https://developer.servicenow.com/dev.do#!/reference/api/paris/rest/cicd-api#cicd-GET-testsuite-results",
    "parent": false
}, {
    "text": "POST /sn_cicd/app_repo/install",
    "url": "https://developer.servicenow.com/dev.do#!/reference/api/paris/rest/cicd-api#cicd-POST-app_repo-install",
    "parent": false
}, {
    "text": "POST /sn_cicd/app_repo/publish",
    "url": "https://developer.servicenow.com/dev.do#!/reference/api/paris/rest/cicd-api#cicd-POST-app_repo-publish",
    "parent": false
}, {
    "text": "POST /sn_cicd/app_repo/rollback",
    "url": "https://developer.servicenow.com/dev.do#!/reference/api/paris/rest/cicd-api#cicd-POST-app_repo-rollback",
    "parent": false
}, {
    "text": "POST /sn_cicd/plugin/{plugin_id}/activate",
    "url": "https://developer.servicenow.com/dev.do#!/reference/api/paris/rest/cicd-api#cicd-POST-plugin-activate",
    "parent": false
}, {
    "text": "POST /sn_cicd/plugin/{plugin_id}/rollback",
    "url": "https://developer.servicenow.com/dev.do#!/reference/api/paris/rest/cicd-api#cicd-POST-plugin-rollback",
    "parent": false
}, {
    "text": "POST /sn_cicd/sc/apply_changes",
    "url": "https://developer.servicenow.com/dev.do#!/reference/api/paris/rest/cicd-api#cicd-POST-sc-apply_changes",
    "parent": false
}, {
    "text": "POST /sn_cicd/testsuite/run",
    "url": "https://developer.servicenow.com/dev.do#!/reference/api/paris/rest/cicd-api#cicd-POST-testsuite-run",
    "parent": false
}, {
    "text": "CSM Attachment API",
    "url": "https://developer.servicenow.com/dev.do#!/reference/api/paris/rest/attachment_csm-api",
    "parent": true
}, {
    "text": "DELETE /now/attachment_csm/{sys_id}",
    "url": "https://developer.servicenow.com/dev.do#!/reference/api/paris/rest/attachment_csm-api#attachment_csm-DELETE",
    "parent": false
}, {
    "text": "GET /now/attachment_csm",
    "url": "https://developer.servicenow.com/dev.do#!/reference/api/paris/rest/attachment_csm-api#attachment_csm-GET",
    "parent": false
}, {
    "text": "GET /now/attachment_csm/{sys_id}/file",
    "url": "https://developer.servicenow.com/dev.do#!/reference/api/paris/rest/attachment_csm-api#attachment_csm-GET-file",
    "parent": false
}, {
    "text": "GET /now/attachment_csm/{sys_id}",
    "url": "https://developer.servicenow.com/dev.do#!/reference/api/paris/rest/attachment_csm-api#attachment_csm-GET-sys_id",
    "parent": false
}, {
    "text": "POST /now/attachment_csm/file",
    "url": "https://developer.servicenow.com/dev.do#!/reference/api/paris/rest/attachment_csm-api#attachment_csm-POST-file",
    "parent": false
}, {
    "text": "POST /now/attachment_csm/upload",
    "url": "https://developer.servicenow.com/dev.do#!/reference/api/paris/rest/attachment_csm-api#attachment_csm-POST-upload",
    "parent": false
}, {
    "text": "CTI API",
    "url": "https://developer.servicenow.com/dev.do#!/reference/api/paris/rest/cti-api",
    "parent": true
}, {
    "text": "GET /sn_cti_core/cti_api/call_analysis/{interaction_sys_id}",
    "url": "https://developer.servicenow.com/dev.do#!/reference/api/paris/rest/cti-api#cti_api-GET-call_analysis",
    "parent": false
}, {
    "text": "POST /sn_cti_core/cti_api/providers/{provider}/components/{component}/versions/{version}",
    "url": "https://developer.servicenow.com/dev.do#!/reference/api/paris/rest/cti-api#cti_api-POST-prov-comp-ver",
    "parent": false
}, {
    "text": "POST /sn_cti_core/cti_api/softphone/sources/{source}/actor/{actor}/events/{event}",
    "url": "https://developer.servicenow.com/dev.do#!/reference/api/paris/rest/cti-api#cti_api-POST-softphone",
    "parent": false
}, {
    "text": "Customer Central API",
    "url": "https://developer.servicenow.com/dev.do#!/reference/api/paris/rest/customer_central-api",
    "parent": true
}, {
    "text": "GET /cust_central/custinfo/{context}/{context_instance}/{target}",
    "url": "https://developer.servicenow.com/dev.do#!/reference/api/paris/rest/customer_central-api#cust_central-GET-custinfo",
    "parent": false
}, {
    "text": "DevOps API",
    "url": "https://developer.servicenow.com/dev.do#!/reference/api/paris/rest/devops-api",
    "parent": true
}, {
    "text": "GET /devops/code/schema",
    "url": "https://developer.servicenow.com/dev.do#!/reference/api/paris/rest/devops-api#devops-GET-code-schema",
    "parent": false
}, {
    "text": "GET /devops/orchestration/changeControl",
    "url": "https://developer.servicenow.com/dev.do#!/reference/api/paris/rest/devops-api#devops-GET-orch-changeControl",
    "parent": false
}, {
    "text": "GET /devops/orchestration/schema",
    "url": "https://developer.servicenow.com/dev.do#!/reference/api/paris/rest/devops-api#devops-GET-orch-schema",
    "parent": false
}, {
    "text": "GET /devops/orchestration/stepMapping",
    "url": "https://developer.servicenow.com/dev.do#!/reference/api/paris/rest/devops-api#devops-GET-orch-stepMapping",
    "parent": false
}, {
    "text": "GET /devops/plan/schema",
    "url": "https://developer.servicenow.com/dev.do#!/reference/api/paris/rest/devops-api#devops-GET-plan-schema",
    "parent": false
}, {
    "text": "POST /devops/artifact/registration",
    "url": "https://developer.servicenow.com/dev.do#!/reference/api/paris/rest/devops-api#devops-POST-artifact-registration",
    "parent": false
}, {
    "text": "POST /devops/orchestration/changeControl",
    "url": "https://developer.servicenow.com/dev.do#!/reference/api/paris/rest/devops-api#devops-POST-orch-changeControl",
    "parent": false
}, {
    "text": "POST /devops/orchestration/stepMapping",
    "url": "https://developer.servicenow.com/dev.do#!/reference/api/paris/rest/devops-api#devops-POST-orch-stepMapping",
    "parent": false
}, {
    "text": "POST /devops/package/registration",
    "url": "https://developer.servicenow.com/dev.do#!/reference/api/paris/rest/devops-api#devops-POST-package-registration",
    "parent": false
}, {
    "text": "POST /devops/tool/{capability}",
    "url": "https://developer.servicenow.com/dev.do#!/reference/api/paris/rest/devops-api#devops-POST-tool",
    "parent": false
}, {
    "text": "PUT /devops/orchestration/changeControl/{changeControlId}",
    "url": "https://developer.servicenow.com/dev.do#!/reference/api/paris/rest/devops-api#devops-PUT-orch-changeControl",
    "parent": false
}, {
    "text": "Email API",
    "url": "https://developer.servicenow.com/dev.do#!/reference/api/paris/rest/c_EmailAPI",
    "parent": true
}, {
    "text": "GET /now/email/{id}",
    "url": "https://developer.servicenow.com/dev.do#!/reference/api/paris/rest/c_EmailAPI#email-GET",
    "parent": false
}, {
    "text": "POST /now/email",
    "url": "https://developer.servicenow.com/dev.do#!/reference/api/paris/rest/c_EmailAPI#email-POST",
    "parent": false
}, {
    "text": "HR REST API",
    "url": "https://developer.servicenow.com/dev.do#!/reference/api/paris/rest/hr-core-api",
    "parent": true
}, {
    "text": "GET /get_usa_employee_profile",
    "url": "https://developer.servicenow.com/dev.do#!/reference/api/paris/rest/hr-core-api#hr_rest-get_usa_employee_profile",
    "parent": false
}, {
    "text": "Identification and Reconciliation API",
    "url": "https://developer.servicenow.com/dev.do#!/reference/api/paris/rest/c_IdentifyReconcileAPI",
    "parent": true
}, {
    "text": "POST /now/identifyreconcile",
    "url": "https://developer.servicenow.com/dev.do#!/reference/api/paris/rest/c_IdentifyReconcileAPI#identifyreconcile-POST",
    "parent": false
}, {
    "text": "POST /now/identifyreconcile/enhanced",
    "url": "https://developer.servicenow.com/dev.do#!/reference/api/paris/rest/c_IdentifyReconcileAPI#identifyreconcile-POST-enhanced",
    "parent": false
}, {
    "text": "POST /now/identifyreconcile/query",
    "url": "https://developer.servicenow.com/dev.do#!/reference/api/paris/rest/c_IdentifyReconcileAPI#identifyreconcile-POST-query",
    "parent": false
}, {
    "text": "POST /now/identifyreconcile/queryEnhanced",
    "url": "https://developer.servicenow.com/dev.do#!/reference/api/paris/rest/c_IdentifyReconcileAPI#identifyreconcile-POST-queryenhanced",
    "parent": false
}, {
    "text": "Import Set API",
    "url": "https://developer.servicenow.com/dev.do#!/reference/api/paris/rest/c_ImportSetAPI",
    "parent": true
}, {
    "text": "GET /now/import/{stagingTableName}/{sys_id}",
    "url": "https://developer.servicenow.com/dev.do#!/reference/api/paris/rest/c_ImportSetAPI#import-GET",
    "parent": false
}, {
    "text": "POST /now/import/{stagingTableName}",
    "url": "https://developer.servicenow.com/dev.do#!/reference/api/paris/rest/c_ImportSetAPI#import-POST",
    "parent": false
}, {
    "text": "Interaction Management API",
    "url": "https://developer.servicenow.com/dev.do#!/reference/api/paris/rest/interaction-management-api",
    "parent": true
}, {
    "text": "POST /now/interaction",
    "url": "https://developer.servicenow.com/dev.do#!/reference/api/paris/rest/interaction-management-api#interaction-POST",
    "parent": false
}, {
    "text": "POST /now/interaction/{interaction_id}/close",
    "url": "https://developer.servicenow.com/dev.do#!/reference/api/paris/rest/interaction-management-api#interaction-POST-close",
    "parent": false
}, {
    "text": "Knowledge Management REST API",
    "url": "https://developer.servicenow.com/dev.do#!/reference/api/paris/rest/knowledge-management-api",
    "parent": true
}, {
    "text": "GET /knowledge/articles",
    "url": "https://developer.servicenow.com/dev.do#!/reference/api/paris/rest/knowledge-management-api#knowledge-GET-articles",
    "parent": false
}, {
    "text": "GET /knowledge/articles/{article_sys_id}/attachments/{attachment_sys_id}",
    "url": "https://developer.servicenow.com/dev.do#!/reference/api/paris/rest/knowledge-management-api#knowledge-GET-articles-attachments",
    "parent": false
}, {
    "text": "GET /knowledge/articles/featured",
    "url": "https://developer.servicenow.com/dev.do#!/reference/api/paris/rest/knowledge-management-api#knowledge-GET-articles-featured",
    "parent": false
}, {
    "text": "GET /knowledge/articles/{id}",
    "url": "https://developer.servicenow.com/dev.do#!/reference/api/paris/rest/knowledge-management-api#knowledge-GET-articles-id",
    "parent": false
}, {
    "text": "GET knowledge/articles/most_viewed",
    "url": "https://developer.servicenow.com/dev.do#!/reference/api/paris/rest/knowledge-management-api#knowledge-GET-articles-most-viewed",
    "parent": false
}, {
    "text": "MetricBase Time Series API",
    "url": "https://developer.servicenow.com/dev.do#!/reference/api/paris/rest/ClothoTimeSeriesAPI",
    "parent": true
}, {
    "text": "GET /now/clotho/table/{table}/{subject}/{metric}",
    "url": "https://developer.servicenow.com/dev.do#!/reference/api/paris/rest/ClothoTimeSeriesAPI#clotho-GET-tble-tble-subj-metric",
    "parent": false
}, {
    "text": "GET /now/clotho/transform/{table}/{metric}",
    "url": "https://developer.servicenow.com/dev.do#!/reference/api/paris/rest/ClothoTimeSeriesAPI#clotho-GET-transform-table-metric",
    "parent": false
}, {
    "text": "POST /now/clotho/transform",
    "url": "https://developer.servicenow.com/dev.do#!/reference/api/paris/rest/ClothoTimeSeriesAPI#clotho-POST-clotho-transform",
    "parent": false
}, {
    "text": "POST /now/clotho/put",
    "url": "https://developer.servicenow.com/dev.do#!/reference/api/paris/rest/ClothoTimeSeriesAPI#clotho-POST-put",
    "parent": false
}, {
    "text": "Predictive Intelligence API",
    "url": "https://developer.servicenow.com/dev.do#!/reference/api/paris/rest/agent-intelligence-api",
    "parent": true
}, {
    "text": "GET now/agent_intelligence/solution/{solution_name}/prediction",
    "url": "https://developer.servicenow.com/dev.do#!/reference/api/paris/rest/agent-intelligence-api#agent_intel-GET-sol-sol_name-pred",
    "parent": false
}, {
    "text": "GET api/now/agent_intelligence/solution/prediction",
    "url": "https://developer.servicenow.com/dev.do#!/reference/api/paris/rest/agent-intelligence-api#agent_intel-GET-solution-predition",
    "parent": false
}, {
    "text": "Push Installation API",
    "url": "https://developer.servicenow.com/dev.do#!/reference/api/paris/rest/pushinstallation-api",
    "parent": true
}, {
    "text": "POST /now/push/{pushApplicationName}/installation",
    "url": "https://developer.servicenow.com/dev.do#!/reference/api/paris/rest/pushinstallation-api#push-POST-installation",
    "parent": false
}, {
    "text": "POST /now/push/{pushApplicationName}/removeInstallation",
    "url": "https://developer.servicenow.com/dev.do#!/reference/api/paris/rest/pushinstallation-api#push-POST-removeInstallation",
    "parent": false
}, {
    "text": "Push Metrics API",
    "url": "https://developer.servicenow.com/dev.do#!/reference/api/paris/rest/push-metrics-MID-server",
    "parent": true
}, {
    "text": "POST /mid/sa/metrics",
    "url": "https://developer.servicenow.com/dev.do#!/reference/api/paris/rest/push-metrics-MID-server#sa-POST-metrics",
    "parent": false
}, {
    "text": "Response Templates API",
    "url": "https://developer.servicenow.com/dev.do#!/reference/api/paris/rest/response-templates-api",
    "parent": true
}, {
    "text": "POST /response_templates/get_templates",
    "url": "https://developer.servicenow.com/dev.do#!/reference/api/paris/rest/response-templates-api#response_temp-POST-get_templates",
    "parent": false
}, {
    "text": "SAM-Software Usage Data Integration API",
    "url": "https://developer.servicenow.com/dev.do#!/reference/api/paris/rest/sam_soft_us_int-api",
    "parent": true
}, {
    "text": "Software Usage Data Integration-POST /sam_software_usage_integration/createOrUpdate",
    "url": "https://developer.servicenow.com/dev.do#!/reference/api/paris/rest/sam_soft_us_int-api#sam_soft_us_int-POST-createOrUpdate",
    "parent": false
}, {
    "text": "Scorecards API",
    "url": "https://developer.servicenow.com/dev.do#!/reference/api/paris/rest/c_PerformanceAnalyticsAPI",
    "parent": true
}, {
    "text": "GET /now/pa/scorecards",
    "url": "https://developer.servicenow.com/dev.do#!/reference/api/paris/rest/c_PerformanceAnalyticsAPI#pa-GET-scorecards",
    "parent": false
}, {
    "text": "Service Catalog API",
    "url": "https://developer.servicenow.com/dev.do#!/reference/api/paris/rest/c_ServiceCatalogAPI",
    "parent": true
}, {
    "text": "DELETE /sn_sc/servicecatalog/cart/{cart_item_id}",
    "url": "https://developer.servicenow.com/dev.do#!/reference/api/paris/rest/c_ServiceCatalogAPI#servicecat-DELETE-cart",
    "parent": false
}, {
    "text": "DELETE /sn_sc/servicecatalog/cart/{sys_id}/empty",
    "url": "https://developer.servicenow.com/dev.do#!/reference/api/paris/rest/c_ServiceCatalogAPI#servicecat-DELETE-cart-empty",
    "parent": false
}, {
    "text": "GET /sn_sc/servicecatalog/cart",
    "url": "https://developer.servicenow.com/dev.do#!/reference/api/paris/rest/c_ServiceCatalogAPI#servicecat-GET-cart",
    "parent": false
}, {
    "text": "GET /sn_sc/servicecatalog/cart/delivery_address/{user_id}",
    "url": "https://developer.servicenow.com/dev.do#!/reference/api/paris/rest/c_ServiceCatalogAPI#servicecat-GET-cart-delivery_add",
    "parent": false
}, {
    "text": "GET /sn_sc/servicecatalog/catalogs",
    "url": "https://developer.servicenow.com/dev.do#!/reference/api/paris/rest/c_ServiceCatalogAPI#servicecat-GET-catalogs",
    "parent": false
}, {
    "text": "GET /sn_sc/servicecatalog/catalogs/{sys_id}/categories",
    "url": "https://developer.servicenow.com/dev.do#!/reference/api/paris/rest/c_ServiceCatalogAPI#servicecat-GET-catalogs-categories",
    "parent": false
}, {
    "text": "GET /sn_sc/servicecatalog/catalogs/{sys_id}",
    "url": "https://developer.servicenow.com/dev.do#!/reference/api/paris/rest/c_ServiceCatalogAPI#servicecat-GET-catalogs-sys_id",
    "parent": false
}, {
    "text": "GET /sn_sc/servicecatalog/categories/{sys_id}",
    "url": "https://developer.servicenow.com/dev.do#!/reference/api/paris/rest/c_ServiceCatalogAPI#servicecat-GET-categories",
    "parent": false
}, {
    "text": "GET /sn_sc/servicecatalog/items",
    "url": "https://developer.servicenow.com/dev.do#!/reference/api/paris/rest/c_ServiceCatalogAPI#servicecat-GET-items",
    "parent": false
}, {
    "text": "GET /sn_sc/servicecatalog/items/{item_sys_id}/delegation/{user_sys_id}",
    "url": "https://developer.servicenow.com/dev.do#!/reference/api/paris/rest/c_ServiceCatalogAPI#servicecat-GET-items-delegation",
    "parent": false
}, {
    "text": "GET /sn_sc/servicecatalog/items/{sys_id}",
    "url": "https://developer.servicenow.com/dev.do#!/reference/api/paris/rest/c_ServiceCatalogAPI#servicecat-GET-items-sys_id",
    "parent": false
}, {
    "text": "GET /sn_sc/servicecatalog/wishlist",
    "url": "https://developer.servicenow.com/dev.do#!/reference/api/paris/rest/c_ServiceCatalogAPI#servicecat-GET-wishlist",
    "parent": false
}, {
    "text": "GET /sn_sc/servicecatalog/wishlist/{cart_item_id}",
    "url": "https://developer.servicenow.com/dev.do#!/reference/api/paris/rest/c_ServiceCatalogAPI#servicecat-GET-wishlist-cart_item_id",
    "parent": false
}, {
    "text": "POST /sn_sc/servicecatalog/cart/checkout",
    "url": "https://developer.servicenow.com/dev.do#!/reference/api/paris/rest/c_ServiceCatalogAPI#servicecat-POST-cart-checkout",
    "parent": false
}, {
    "text": "POST /sn_sc/servicecatalog/cart/submit_order",
    "url": "https://developer.servicenow.com/dev.do#!/reference/api/paris/rest/c_ServiceCatalogAPI#servicecat-POST-cart-sub_order",
    "parent": false
}, {
    "text": "POST /sn_sc/servicecatalog/items/{sys_id}/add_to_cart",
    "url": "https://developer.servicenow.com/dev.do#!/reference/api/paris/rest/c_ServiceCatalogAPI#r_SCatAPIAddItemToCartPOST",
    "parent": false
}, {
    "text": "POST /sn_sc/servicecatalog/items/{sys_id}/add_to_wishlist",
    "url": "https://developer.servicenow.com/dev.do#!/reference/api/paris/rest/c_ServiceCatalogAPI#servicecat-POST-items-add_to_wish",
    "parent": false
}, {
    "text": "POST /sn_sc/servicecatalog/items/{sys_id}/checkout_guide",
    "url": "https://developer.servicenow.com/dev.do#!/reference/api/paris/rest/c_ServiceCatalogAPI#servicecat-POST-items-check_guide",
    "parent": false
}, {
    "text": "POST /sn_sc/servicecatalog/items/{item_sys_id}/get_invalid_delegated_users",
    "url": "https://developer.servicenow.com/dev.do#!/reference/api/paris/rest/c_ServiceCatalogAPI#servicecat-POST-items-get_invalid_delegated_users",
    "parent": false
}, {
    "text": "POST /sn_sc/servicecatalog/items/{sys_id}/order_now",
    "url": "https://developer.servicenow.com/dev.do#!/reference/api/paris/rest/c_ServiceCatalogAPI#SCatAPIOrderNowPOST",
    "parent": false
}, {
    "text": "POST /sn_sc/servicecatalog/items/{sys_id}/submit_producer",
    "url": "https://developer.servicenow.com/dev.do#!/reference/api/paris/rest/c_ServiceCatalogAPI#servicecat-POST-items-submit_prod",
    "parent": false
}, {
    "text": "POST /sn/sc/servicecatalog/variables/{sys_id}/display_value",
    "url": "https://developer.servicenow.com/dev.do#!/reference/api/paris/rest/c_ServiceCatalogAPI#servicecat-POST-variables-disp_val",
    "parent": false
}, {
    "text": "PUT /sn_sc/servicecatalog/cart/{cart_item_id}",
    "url": "https://developer.servicenow.com/dev.do#!/reference/api/paris/rest/c_ServiceCatalogAPI#servicecat-PUT-cart",
    "parent": false
}, {
    "text": "PUT /sn_sc/servicecatalog/items/{sys_id}/submit_guide",
    "url": "https://developer.servicenow.com/dev.do#!/reference/api/paris/rest/c_ServiceCatalogAPI#servicecat-PUT-items-submit_guide",
    "parent": false
}, {
    "text": "PUT /sn_sc/servicecatalog/variables/{table_name}/{sys_id}",
    "url": "https://developer.servicenow.com/dev.do#!/reference/api/paris/rest/c_ServiceCatalogAPI#servicecat-PUT-variables",
    "parent": false
}, {
    "text": "Table API",
    "url": "https://developer.servicenow.com/dev.do#!/reference/api/paris/rest/c_TableAPI",
    "parent": true
}, {
    "text": "DELETE /now/table/{tableName}/{sys_id}",
    "url": "https://developer.servicenow.com/dev.do#!/reference/api/paris/rest/c_TableAPI#table-DELETE",
    "parent": false
}, {
    "text": "GET /now/table/{tableName}",
    "url": "https://developer.servicenow.com/dev.do#!/reference/api/paris/rest/c_TableAPI#table-GET",
    "parent": false
}, {
    "text": "GET /now/table/{tableName}/{sys_id}",
    "url": "https://developer.servicenow.com/dev.do#!/reference/api/paris/rest/c_TableAPI#table-GET-id",
    "parent": false
}, {
    "text": "PATCH /now/table/{tableName}/{sys_id}",
    "url": "https://developer.servicenow.com/dev.do#!/reference/api/paris/rest/c_TableAPI#table-PATCH",
    "parent": false
}, {
    "text": "POST /now/table/{tableName}",
    "url": "https://developer.servicenow.com/dev.do#!/reference/api/paris/rest/c_TableAPI#table-POST",
    "parent": false
}, {
    "text": "PUT /now/table/{tableName}/{sys_id}",
    "url": "https://developer.servicenow.com/dev.do#!/reference/api/paris/rest/c_TableAPI#table-PUT",
    "parent": false
}, {
    "text": "User Role Inheritance API",
    "url": "https://developer.servicenow.com/dev.do#!/reference/api/paris/rest/c_user-role-inheritance-api",
    "parent": true
}, {
    "text": "GET /global/user_role_inheritance",
    "url": "https://developer.servicenow.com/dev.do#!/reference/api/paris/rest/c_user-role-inheritance-api#user_role_inher-GET",
    "parent": false
}, {
    "text": "Virtual Agent Bot Integration API",
    "url": "https://developer.servicenow.com/dev.do#!/reference/api/paris/rest/bot-api",
    "parent": true
}, {
    "text": "POST /sn_va_as_service/bot/integration",
    "url": "https://developer.servicenow.com/dev.do#!/reference/api/paris/rest/bot-api#bot-POST-integration",
    "parent": false
}]